STitle: Revealing the Field Sub-subgiant Population Using a Catalog2
       of Active Giant Stars and Gaia EDR3 
Authors: Leiner E.M., Geller A.M., Gully-Santiago M.A., 
         Gosnell N.M., Tofflemire 
Table: RS CVn Sample
================================================================================
Byte-by-byte Description of file: apjac53b1t1_mrt.txt
--------------------------------------------------------------------------------
   Bytes Format Units Label   Explanations
--------------------------------------------------------------------------------
   1- 19 I19    ---   ID      Gaia EDR3 source identifier
  21- 48 A28    ---   VSX     Identifier in the VSX catalog
  50- 58 I9     ---   TIC     ?=-999 TESS Input Catalog identifier
  60- 68 F9.5   deg   RAdeg   Gaia EDR3 Right Ascension in decimal degrees (J2000)
  70- 78 F9.5   deg   DEdeg   Gaia EDR3 Declination in decimal degrees (J2000)
  80- 83 I4     pc    D       Gaia EDR3 distance
  85- 89 F5.2   mag   Gmag    Gaia EDR3 G band magnitude
  91- 94 F4.2   mag   (BP-RP) Gaia EDR3 Blue - Red passband color
  96-100 F5.2   ---   RUWE    Gaia EDR3 Renormalized Unit Weight Error
 102-110 F9.2   ---   chi2    Gaia EDR3 astrometric goodness of fit
 112-115 I4     ---   NAL     Number of good Gaia EDR3 observations
 117-121 F5.2   d     PVSX    VSX catalog period
 123-129 F7.2   d     PTess   ?=-999 TESS period
 131-137 F7.2   ---   Amp     ?=-999 TESS amplitude 
 139-140 I2     ---   NSec    Number of TESS sectors
 142-145 F4.2   mag   AV      Line-of-sight V band extinction 
 147-149 A3     ---   Class   Classification (1)
--------------------------------------------------------------------------------
Note (1): 
    RS = an RS CVn star; 
   SSG = a sub-subgiant;
   cut = removed from sample due to astrometric quality cuts. 
--------------------------------------------------------------------------------
2448158953886445696 ZTF J000020.00-030630.5      138662652   0.08336  -3.1085  1489 14.84 1.28  1.12    407.47  324  6.13 -999.0  -999.0   0 0.11 RS  
2874226134920416512 CSS_J000131.5+324913          83957002   0.38142  32.82031 1238 14.71 1.36  1.0     400.64  399 13.05 -999.0  -999.0   0 0.14 SSG 
 385028910256998528 ZTF J000139.60+442609.4      259193712   0.41504  44.43595  694 12.83 1.11  0.95    620.98  442  3.31 -999.0  -999.0   0 0.27 RS  
2753192410330966912 ZTF J000146.98+093917.0      408505366   0.44579   9.65473 1942 15.09 1.51  1.03    370.28  351 22.03 -999.0  -999.0   0 0.4  SSG 
2745167586059626240 ZTF J000216.58+055915.0      403022015   0.56911   5.98752  732 11.98 1.22  1.42   1924.19  548  6.46 -999.0  -999.0   0 0.12 cut 
2881005998495586304 ZTF J000311.16+385513.2      194142000   0.79654  38.92036 1292 13.7  1.34  1.04    771.15  730  1.45    2.94    0.13  1 0.28 RS  
 384060304935385984 GSC 02789-01374              194203492   1.15196  41.40175 1024 12.37 1.08  1.08    804.1   461  5.68    5.68    0.15  1 0.23 RS  
2745853857410858496 ZTF J000436.80+072117.9           -999   1.15334   7.35498 1724 15.47 1.45  0.98    387.25  376  2.14 -999.0  -999.0   0 0.16 SSG 
 393379013875213696 ZTF J000445.27+482238.8      201625229   1.18866  48.37745 1269 14.42 1.12  1.56   1126.84  502  0.26    0.26    0.16  1 0.31 cut 
 393941036121609344 ZTF J000510.00+501158.6      201628447   1.29169  50.19962 1784 15.53 1.35  0.96    601.53  635  9.97 -999.0  -999.0   0 0.39 RS  
2444348733779214976 BC Psc                            -999   1.33392  -5.70761   43  4.32 1.22  3.45  74244.23  239 72.93 -999.0  -999.0   0 0.1  cut 
2741569502977245568 ASAS J000606+0345.1          293221023   1.52546   3.75192 1742 12.62 1.25  1.01    423.66  293 53.9  -999.0  -999.0   0 0.06 RS  
2798131031105732480 ZTF J000707.70+194737.8      301787909   1.78209  19.79386 1449 13.87 1.49  0.97    356.06  392  7.74 -999.0  -999.0   0 0.09 SSG 
 386309154108776064 ZTF J000723.64+443218.1      439964553   1.84852  44.53837 1840 14.8  1.3   0.98    360.07  372  1.07   13.88    0.01  1 0.24 RS  
2880679649700656128 GSC 02781-01010              194257167   1.88559  38.11628  792 11.55 1.38  2.08   6831.02  634 41.61   19.21    0.03  1 0.27 cut 
2849876625289185536 ZTF J000808.57+243951.6      427721991   2.03571  24.66435 1188 12.87 1.23  1.15    806.67  365 35.29 -999.0  -999.0   0 0.18 RS  
 393758688987098240 ZTF J000918.04+500109.4      201783173   2.3252   50.01928 1634 15.52 1.55  1.02    504.29  476  4.33 -999.0  -999.0   1 0.35 SSG 
 383280858567817216 ZTF J001326.17+411113.9      194387651   3.35907  41.1872  1579 13.97 1.19  0.94    430.34  496 12.94   13.15    0.08  1 0.18 RS  
2445149040805181440 IQ Psc                            -999   3.78163  -3.33347  401 11.16 1.37  1.59   1501.03  255  8.84 -999.0  -999.0   0 0.11 cut 
 392918215425799552 ZTF J001512.03+491712.5      202040764   3.80016  49.28681  651 13.05 1.5   1.33   1171.59  595  2.24    1.12    0.06  1 0.38 SSG 
2863714254002754944 ZTF J001556.74+335317.3      365964574   3.98645  33.88814 1350 14.8  1.34  1.09    406.95  342  6.63    6.57    0.25  1 0.15 SSG 
2863718480249911296 V0719 And                    365987142   4.25404  33.95644  361 11.08 1.37  1.22   1550.02  401  2.62    1.31    0.08  1 0.14 RS  
2548450082380123648 ZTF J001729.27+031518.3      293284404   4.37197   3.2551  1361 14.92 1.21  0.94    304.82  343  5.75 -999.0  -999.0   0 0.07 RS  
 379967789515203456 ZTF J001807.13+395030.0      194505388   4.52974  39.84169 1759 15.58 1.53  1.04    722.96  653 15.61 -999.0  -999.0   0 0.24 SSG 
 392273970330681856 ZTF J001819.49+470844.1      440106840   4.58121  47.14561 1832 15.05 1.36  0.94    397.11  447 10.71 -999.0  -999.0   0 0.32 RS  
 380295821937244544 ZTF J001830.98+394906.9      194505367   4.62911  39.81859 1390 13.85 1.41  7.08  30392.38  620  4.93    4.9     0.05  1 0.22 cut 
2768246717379385984 ZTF J001902.45+142647.9      303193648   4.76023  14.44664 1165 13.89 1.41  1.05    264.5   247  6.59 -999.0  -999.0   0 0.12 SSG 
 385167208204218112 GSC 02790-00077              440121308   4.91546  42.83144  891 12.36 1.16  0.93    660.48  512 15.34   15.61    0.04  1 0.2  RS  
2863827091383419264 V0486 And                     58016716   5.34583  33.71031  268 10.5  1.23  0.96    727.67  406  8.35   83.26    0.04  1 0.14 RS  
 378849070792390528 CSS_J002142.3+381237         288296451   5.42662  38.21042 1568 15.1  1.34  1.04    581.29  531  2.59 -999.0  -999.0   1 0.14 SSG 
2755776743691972736 FH Psc                       303240609   5.51438  13.05969  527  9.86 1.38  1.44    872.47  238 34.62 -999.0  -999.0   0 0.22 cut 
 380414912790328448 ZTF J002213.86+402046.4      415817131   5.55777  40.34624 1508 14.78 1.28  0.99    589.31  599 16.86 -999.0  -999.0   1 0.17 RS  
 378630267978670080 ZTF J002214.69+370746.6      415779493   5.56124  37.12963 1659 14.72 1.33  0.96    614.9   654 19.61   27.75    0.04  1 0.17 RS  
2429719078736046208 BD Cet                        37774956   5.69304  -9.23086  248  7.57 1.35  1.56    984.26  195 34.53   19.52    2.09  2 0.14 cut 
 382627783020707072 ZTF J002322.15+434108.1      440162032   5.8423   43.68561 1699 14.89 1.25  0.99    683.92  688  7.47    7.35    0.08  1 0.2  RS  
 380209647712576768 ZTF J002412.31+400759.8      127425855   6.05132  40.13329 1478 14.74 1.34  0.98    589.17  603 11.79 -999.0  -999.0   0 0.17 RS  
 391070314336469632 ZTF J002619.26+481803.5      202516136   6.58026  48.30098 1638 15.59 1.39  0.99    497.94  496  3.24 -999.0  -999.0   0 0.38 RS  
 389508595508128256 ZTF J002643.15+471028.4      190969491   6.67983  47.17458 1045 13.67 1.26  0.99    569.85  593  2.81    1.55    0.13  1 0.27 RS  
2799883790079165184 ZTF J002714.96+220829.6      411532336   6.81236  22.14158 1264 13.34 1.38  0.98    353.47  375 10.68 -999.0  -999.0   0 0.15 RS  
4993808575853652992 DL Phe                       115693385   6.92863 -41.43764  270 10.2  1.33  0.95    632.41  362 16.94   17.1     0.12  1 0.02 RS  
2430271342810688896 CSS_J002904.0-075929          40083105   7.26675  -7.99147 1367 14.89 1.53  1.07    236.71  211  8.53  143.94    0.07  2 0.11 SSG 
 390995307028109312 ZTF J003014.87+474815.5      191080415   7.56199  47.80432 1158 13.91 1.09  0.98    611.47  639 15.04   31.22    0.06  1 0.43 RS  
2543655009092616832 GSC 00010-00058              257304591   7.74667   0.06567 1517 12.07 1.45  1.25   1047.61  438 58.73 -999.0  -999.0   0 0.06 RS  
2317188221161641216 CF Scl                       251853735   8.28054 -32.02208  413  9.4  1.14  1.37    906.99  267 27.85   25.52    0.1   2 0.04 RS  
4926158992652398720 DM Phe                       156003438   8.52546 -51.05036  441  9.28 1.18  1.32   1853.79  594 82.0    43.28    0.03  2 0.03 RS  
 365056522055419520 CSS_J003601.9+343133         267623493   9.00812  34.52592  831 13.76 1.43  1.05    464.2   433 10.54   10.41    0.26  1 0.26 SSG 
 381661101844556928 V0494 And                    191231962   9.13837  43.09844  321 10.35 1.26  1.11    709.09  293 24.41   22.71    0.08  1 0.18 RS  
 387816996867409408 V0495 And                         -999   9.29958  44.21653  584 10.22 1.02  0.96    563.74  281 16.71   15.61    0.08  1 0.2  RS  
2859486253836730880 ZTF J003716.78+315144.8      267627019   9.31995  31.86246 1923 15.43 1.22  0.92    227.9   265  7.93   18.65    0.01  1 0.17 RS  
 388434407005723136 ZTF J003730.73+462635.9      191251062   9.37806  46.44332 1626 14.78 1.5   1.04    301.96  281 14.23   12.49    0.02  1 0.32 SSG 
2529985640017568768 ZTF J003731.45-030443.8      212963584   9.38105  -3.07884  898 13.51 1.17  0.88    310.74  401 13.79   13.83    0.06  2 0.11 RS  
 388241232259741056 TYC 3249-136-1               191252231   9.41329  45.10856  876 11.66 0.99  1.23   1175.87  308  6.13    6.24    0.03  1 0.21 RS  
 389923214470480000 ZTF J003942.84+462736.1      191336906   9.92853  46.46005 1863 15.81 1.55  0.95    240.17  260  1.72    1.72    0.06  1 0.3  SSG 
 387742126997049728 V0498 And                    191371052  10.08708  43.72369  127  9.54 1.28  1.69   1614.16  321 10.78   10.41    0.07  1 0.22 cut 
2543317012345322880 ZTF J004050.72+003629.6      388766812  10.21134   0.60824 1576 14.51 1.29  1.08    565.74  486  8.29 -999.0  -999.0   0 0.06 RS  
2802409673230418816 FO Psc                       434216453  10.39371  21.30069  311  9.31 1.16  7.42  61470.79  612  2.94    2.97    0.09  1 0.08 cut 
2775565719608983680 ZTF J004142.53+115904.4      401466426  10.42723  11.98456 1943 14.65 1.23  1.01    514.31  495 29.2  -999.0  -999.0   0 0.22 RS  
 381288852742127744 ZTF J004154.90+413332.3      259007140  10.47879  41.55899 1771 15.4  1.42  1.04    282.51  256  7.73    7.57    0.25  1 0.17 SSG 
2775997518440867456 NSVS 9147330                 258777668  10.77255  12.61727  529 12.31 1.4   1.09    915.11  555  7.18    7.14    0.15  1 0.3  RS  
2783161798769417600 FP Psc                            -999  10.95371  18.78125  440 10.74 1.31  1.21   2065.6   667 13.74   16.65    0.06  1 0.16 RS  
 389680699138908800 GSC 03262-01653              191496716  11.32529  46.15078 1095 11.9  1.22  0.97    566.98  317 86.8  -999.0  -999.0   0 0.28 RS  
 387451130075951360 ZTF J004533.87+424149.3      191506399  11.39114  42.69703  463 12.51 1.19  1.0     508.48  350  0.8  -999.0  -999.0   0 0.17 RS  
 360533990211977600 ZTF J004620.23+314058.9      267884797  11.5843   31.68303 1738 15.4  1.29  0.96    440.8   463  3.46    3.47    0.18  1 0.21 RS  
 312280857275073536 V0507 And                    267941437  11.77267  30.30669  395 10.84 1.1   1.14   1542.19  576 12.46   12.49    0.08  1 0.18 RS  
2802310343522221184 ASAS J004959+2244.0               -999  12.49587  22.73344  748 11.77 1.08  1.2     734.82  228 40.94   35.68    0.02  1 0.11 RS  
2474594645095556224 ASAS J005632-0809.1          408036613  14.13258  -8.15153  690 11.82 1.46  1.12   1027.27  450 29.95   28.11    0.08  2 0.18 RS  
 312863495359022720 ZTF J005638.31+313643.4       53845308  14.15966  31.61206 1946 12.98 0.63  0.96    483.58  316  2.95    2.94    0.06  1 0.17 RS  
 402815812937351424 ZTF J005646.01+492525.9      354104049  14.19174  49.42388 1344 14.97 1.43  2.48   2363.4   393 17.13   62.45    0.24  1 0.41 cut 
2582366747625787520 GH Psc                       401493476  14.28192  10.43242  511  9.66 1.14  1.02    731.74  379 34.71 -999.0  -999.0   0 0.16 RS  
2791414904845325696 ZTF J005851.24+214610.2      436558067  14.71354  21.7695  1879 15.2  1.24  0.82    143.94  214 13.48   13.88    0.07  1 0.09 RS  
 312632941514507776 CSS_J010007.3+311909         301943188  15.03067  31.31936 1059 13.61 1.28  0.99    256.76  270 15.43 -999.0  -999.0   0 0.18 RS  
4989261339359367168 DI Scl                            -999  15.05125 -38.31069  307 10.28 1.31  1.48   2224.89  529 20.46   21.04    0.09  3 0.03 cut 
 370948426911924992 GSC 02803-00408              352299789  15.13354  39.78172  847 12.09 1.25  1.13    827.52  404  9.9  -999.0  -999.0   0 0.14 RS  
 402159576296320128 ZTF J010038.18+475149.3      196410880  15.15912  47.86372 1665 15.22 1.56  1.06    405.41  357  5.37   15.61    0.02  1 0.41 SSG 
 314145835154465920 ZTF J010110.96+314354.9      381204109  15.29567  31.73192 1304 13.37 1.12  1.03    267.81  255  1.09 -999.0  -999.0   0 0.18 RS  
2469237382064496128 IM Cet                        10785712  15.43883 -12.13403  427  9.79 1.44  1.17    952.0   397 28.76   27.2     0.11  2 0.09 RS  
2784365935799633536 CSS_J010231.9+160301         414960568  15.633    16.05047 1681 13.67 1.45  1.07    257.22  237 44.84   35.68    0.28  1 0.17 RS  
 370958459955665152 TYC 2803-469-1               352411146  15.67142  39.72556  343 10.24 0.98  0.94    566.02  282 20.13   27.75    0.01  1 0.16 RS  
 374577983514606848 GSC 02807-01653              259007574  15.78725  41.61997 1225 13.89 1.28  1.01    423.22  421 17.64   17.84    0.12  1 0.15 RS  
 370658602518809600 ZTF J010319.53+384203.7      259009201  15.83141  38.70105  780 12.74 1.31  0.99    394.6   289 15.45    7.81    0.05  1 0.13 RS  
 370565487627909760 ZTF J010445.23+380711.8      415820141  16.18849  38.11997 1428 13.15 1.27  0.96    239.02  256 13.82   13.15    0.06  1 0.18 RS  
 313311855584792832 ZTF J010453.07+311455.2      174416175  16.22114  31.24868 1360 14.27 1.16  1.0     312.62  314  0.93   16.65    0.08  1 0.16 RS  
 307525881801872896 ZTF J010458.35+265629.7       15613530  16.24314  26.9416  1339 14.9  1.34  1.73    956.89  321 16.9    14.69    0.08  1 0.22 cut 
2581324273163442944 GN Psc                       380884934  16.27667   9.58564  489 12.02 1.4   1.23    853.66  356 10.01 -999.0  -999.0   0 0.1  SSG 
2539054201469245568 GT Cet                       344754529  16.31638   1.98731 1545 11.42 1.3   1.02    963.12  309  6.91 -999.0  -999.0   0 0.07 RS  
 306586177317208064 ZTF J010532.48+255930.9       15614971  16.38536  25.99193 1667 13.81 1.35  1.04    344.95  330 10.1     9.99    0.19  1 0.21 RS  
 307953935422377216 CSS_J010707.4+273628          15650925  16.78087  27.60803 1587 14.73 1.25  1.07    346.01  303 10.14 -999.0  -999.0   0 0.16 RS  
 306713686306257280 ZTF J010958.97+263546.7       15693127  17.49572  26.59632 1770 15.12 1.19  1.13    394.94  304  7.64 -999.0  -999.0   0 0.2  RS  
 309942054308852224 CSS_J011221.9+294955          16874960  18.09163  29.83206 1250 14.53 1.24  0.96    214.24  235  1.7     2.38    0.05  1 0.18 RS  
5029927429747497984 AN Scl                        11518868  18.16883 -29.17958  108  8.56 1.11  1.55   2761.98  572  7.89    7.91    0.05  2 0.05 cut 
 369886401758693120 CSS_J011312.7+374220         186366101  18.30304  37.70575 1754 14.53 1.22  1.03    256.57  244  8.23    8.61    0.09  1 0.14 RS  
2538376150687268736 CSS_J011316.9+014513         388811943  18.32054   1.75372  991 13.64 1.18  0.96    294.81  324  5.56 -999.0  -999.0   0 0.1  RS  
 401605869112440064 ZTF J011337.02+480711.2      240935219  18.40429  48.1198  1869 15.08 1.33  1.03    522.1   487  3.51    7.14    0.11  1 0.38 RS  
 369917634760833664 CSS_J011353.7+375707         186381021  18.47413  37.95203 1561 14.3  1.24  1.06    287.73  260  9.92   14.69    0.02  1 0.14 RS  
 401425961522479616 ZTF J011437.26+471500.5      196787151  18.65526  47.25016 1243 14.98 1.59  1.21    616.38  420  9.09    8.97    0.09  2 0.28 SSG 
2531779768115636992 AY Cet                       248386767  19.15121  -2.50036   75  5.28 1.15  0.84   3693.89  219 76.5  -999.0  -999.0   0 0.11 RS  
 397690027169628672 ZTF J012055.17+450752.0      196922709  20.2299   45.13112 1278 13.97 1.49  1.1     259.02  224 19.6    15.61    0.24  1 0.21 SSG 
2562769984380559488 ZTF J012058.01+033306.1      399693312  20.24173   3.55171 1113 13.99 1.19  1.02    380.94  371 11.15 -999.0  -999.0   0 0.09 RS  
 309366155029176320 ZTF J012101.11+294516.8       16997520  20.25466  29.75469 1831 14.92 1.21  1.03    299.59  279  1.82   16.65    0.04  1 0.2  RS  
 293812978938542592 GZ Psc                        17002820  20.41363  25.29653  735  9.26 1.51  1.28    788.42  274 12.99   12.49    0.06  1 0.25 RS  
2787316406533332608 HI Psc                       411629957  20.56433  20.35844  261  9.31 1.07  1.05    673.1   330 10.23 -999.0  -999.0   0 0.14 RS  
2566277181659646208 AR Psc                       365063993  20.7365    7.41925   45  7.08 1.14  1.64   1512.09  227 12.34 -999.0  -999.0   0 0.13 cut 
 400160080041821696 ZTF J012322.54+485145.9      410438362  20.84394  48.86277 1079 12.92 1.24  0.98    351.56  206 25.21   55.4     0.03  2 0.43 RS  
 293321802183315584 CSS_J012354.1+234255         411632504  20.97567  23.71528  914 13.5  1.49  1.05    545.96  302  4.52    4.54    0.07  1 0.2  SSG 
2455558564062160256 NSVS 14713723                     -999  20.99924 -13.6963   387 11.31 1.25  1.62   5069.7   615 11.61   11.38    0.18  1 0.05 cut 
 316865099208797952 ZTF J012602.39+334114.5       80535669  21.50998  33.68738 1020 13.55 1.14  0.98    283.71  299 13.68   13.88    0.15  1 0.16 RS  
2484289318291088640 CSS_J012918.6-023233         248963376  22.32763  -2.5425  1311 13.87 1.24  1.01    450.95  449 23.01   13.09    0.08  2 0.12 RS  
 289951867766346624 ZTF J012941.41+223314.4      381318863  22.42258  22.55402  769 12.81 1.16  1.04    488.79  296  4.64    4.71    0.05  1 0.21 RS  
 398959310264230912 CSS_J012945.1+464719         326809247  22.43821  46.78872  999 14.19 1.51  7.16   9937.56  202  0.94    6.58    0.19  2 0.32 cut 
 317502369276242688 ZTF J013015.49+353653.4       44672456  22.56458  35.61486 1198 14.01 1.17  1.11    314.47  261  1.04   16.65    0.05  1 0.13 RS  
 322950792990140672 V0535 And                         -999  22.94671  38.80092  451 10.84 1.36  1.08    794.49  298  8.77    8.92    0.05  1 0.15 RS  
 398700959391828992 ZTF J013344.38+461450.9      327010853  23.43495  46.24749 1122 13.76 1.51  1.01    229.54  236  6.33    6.32    0.36  2 0.2  SSG 
 399625236353849088 ZTF J013346.22+483542.5      308447086  23.4426   48.59515 1498 14.86 1.58  1.01    251.16  251  5.92    6.24    0.02  1 0.43 SSG 
 323872699129941120 GSC 02818-00259              189528136  23.59787  39.8945  1274 12.4  1.25  0.97    353.8   265 12.58   20.82    0.06  1 0.18 RS  
 289315048668115584 ZTF J013443.74+224801.8      127018777  23.68228  22.80052 1734 13.08 0.94  1.01    286.07  253  2.34    2.33    0.04  1 0.29 RS  
 295998120859979008 ZTF J013551.33+274231.0      353754908  23.9639   27.70863 1553 14.55 1.33  1.13    315.7   249 16.84   16.65    0.04  1 0.23 RS  
 348133320118906368 ZTF J013613.08+414414.6      189571168  24.05452  41.73741 1979 15.23 1.19  1.09    296.9   245  4.32   13.15    0.2   1 0.18 RS  
 292071455599507456 HR Psc                       353774843  24.11592  25.14322  219 10.08 1.53  1.1     442.35  203  3.93    3.96    0.1   1 0.26 SSG 
 399241266277481600 ZTF J013742.89+473533.3      327258526  24.42871  47.59261 1162 13.31 1.32  1.04    263.82  249 16.81   16.22    0.09  1 0.32 RS  
 302917897289491968 CSS_J013749.2+292133         353805170  24.45517  29.35931 1222 13.24 1.17  1.08    257.95  224  0.16 -999.0  -999.0   0 0.14 RS  
 348552234048968832 ZTF J013911.35+424118.8      327341615  24.7973   42.68857 1537 14.11 1.11  1.06    274.07  247 13.52   18.41    0.06  2 0.18 RS  
2562210229882953088 ZTF J014315.91+055804.2      402025137  25.81632   5.96784  882 13.24 1.15  1.29    304.12  184  0.43 -999.0  -999.0   0 0.15 RS  
  98294935069481344 ZTF J014501.53+220645.6      456904588  26.25639  22.11268 1451 14.55 1.21  1.5     456.9   205  1.16 -999.0  -999.0   1 0.26 cut 
 291388517144516736 ZTF J014520.28+243937.0       26833947  26.33454  24.66028 1092 12.95 1.07  0.97    363.08  212 10.47   10.41    0.03  1 0.27 RS  
5038295950184756736 UV For                        33494863  26.67354 -24.01397  117  7.72 1.18  1.13   1278.94  477 64.4    44.32    0.07  2 0.04 RS  
2479801558503148160 IR Cet                       241711735  26.71566  -5.78753  379 11.05 1.26  1.08   1266.24  419 17.08   15.87    0.03  2 0.07 RS  
 408505716896029440 ZTF J014709.97+542305.8      403523097  26.79158  54.38496 1554 13.04 1.18  1.0     593.83  379  3.84    3.86    0.07  1 0.5  RS  
 349482794546280832 ZTF J014913.61+435849.2      407418655  27.30674  43.98036 1309 13.79 1.2  12.06  47518.75  332 30.69 -999.0  -999.0   0 0.18 cut 
2575193057025105280 ZTF J014958.96+121832.9       88847740  27.49567  12.30914 1287 14.44 1.48  1.06    172.83  159 27.43 -999.0  -999.0   0 0.19 SSG 
 357343722866661248 ZTF J015002.16+483005.6      410551507  27.50903  48.50157 1269 14.26 1.27  1.07    481.78  427 19.1   243.33    0.03  1 0.47 RS  
  99014050033715456 ZTF J015049.98+234731.1       91277000  27.70829  23.79198 1573 14.4  1.28  1.05    197.32  191 24.59   14.69    0.03  1 0.33 RS  
 342738738114691712 ZTF J015340.69+374837.9      402208233  28.41957  37.81053 1120 13.38 1.11  1.06    195.55  176 13.62    6.75    0.05  1 0.18 RS  
 304874684389709696 CSS_J015645.8+323602         283908786  29.19108  32.60061 1859 15.9  1.64  0.93    118.37  138  2.15   35.68    0.1   1 0.14 SSG 
 346566309890795008 ZTF J015804.40+430356.2      238702368  29.51837  43.06563 1942 15.0  1.37  1.23    262.13  175 12.32   12.17    0.11  1 0.21 RS  
 346601940939356288 TYC 2828-1943-1              291882561  29.79321  43.50097 1198 11.13 1.47  0.91    369.87  176 21.36  243.33    0.04  1 0.27 RS  
 104747552200480256 BK Ari                       306178979  29.89825  23.81467  507 12.09 1.34  1.34    404.13  140  5.56    5.81    0.11  1 0.26 RS  
 105632766435603072 ZTF J020011.95+255028.4       28362769  30.0498   25.84123  886 13.25 1.24  1.0     176.25  175 13.87   14.69    0.07  1 0.26 RS  
 330141908272815232 ZTF J020047.82+355425.2       63345121  30.19929  35.90702 1838 14.92 1.18  0.96    152.05  167 12.33   22.12    0.04  1 0.27 RS  
 344628042689644032 ZTF J020151.14+393916.2      381590808  30.46311  39.65452 1138 13.23 1.08  0.94    164.43  187  0.91   11.06    0.05  1 0.18 RS  
 299561191369018624 CSS_J020202.8+274204         118188626  30.51179  27.70117 1404 13.13 1.32  1.05    183.11  164 71.28   35.68    0.07  1 0.17 RS  
2492679893385490944 ZTF J020218.40-030324.1      250391656  30.57669  -3.05671  720 12.87 1.39  1.01    313.77  186  3.91    3.92    0.12  1 0.07 SSG 
 352800987494410752 ZTF J020258.46+451646.0           -999  30.74362  45.27945 1523 13.87 1.19  0.99    143.83  145  7.66   34.76    0.06  1 0.24 RS  
5138573644021347712 ASAS J020345-1729.1          257485691  30.93654 -17.48614  417 11.0  1.29  1.05    957.57  386  4.09    3.05    0.04  2 0.08 RS  
 300027483083207296 GSC 01764-01367              118250689  31.078    29.59764  744 12.12 1.13  1.23    387.81  155 28.7  -999.0  -999.0   0 0.14 RS  
 325762381660194944 CSS_J020424.0+325248          63462753  31.10021  32.88017 1204 14.32 1.41  1.09    150.6   131 15.72  243.33    0.14  1 0.21 SSG 
 352700347823236224 ZTF J020426.22+443502.9      292154276  31.10927  44.58415  505 12.56 1.31  1.04    265.87  182 12.18   12.17    0.14  1 0.2  RS  
 346476871491286656 GSC 02841-00074              292194464  31.29725  43.92097 1319 12.48 1.4   1.25    370.01  173 61.8   243.33    0.04  1 0.2  RS  
 105419839137199360 ZTF J020642.67+253155.3      405400962  31.67781  25.53204 1280 14.12 1.28  1.0     212.34  217 10.93    9.99    0.06  1 0.21 RS  
 346400352354230656 ZTF J020653.31+431900.9      292317867  31.72216  43.31694  910 13.9  1.24  1.06    171.84  160 14.75   15.21    0.05  1 0.2  RS  
 358156639916409856 ZTF J020727.04+492019.8      250559229  31.86267  49.33884 1722 13.29 0.8   1.44    590.25  286  0.78    0.78    0.05  1 0.5  cut 
 107501352087467904 ZTF J021028.44+282114.3        5645391  32.61854  28.35399 1724 14.87 1.36  0.97    190.19  204 16.29   27.04    0.13  1 0.19 RS  
 331319107270709376 ZTF J021118.32+364923.7      184691892  32.82635  36.82326  637 12.89 1.27  1.21    353.44  158  1.51   48.67    0.07  1 0.14 RS  
 353440078630585600 ZTF J021209.83+472521.2      292610134  33.04097  47.42258  897 12.86 1.37  0.94    502.94  364  4.86    2.41    0.05  1 0.48 RS  
2570033667431332352 ZTF J021210.58+091800.8      337075599  33.04411   9.30023  894 13.62 1.4   1.27    253.44  168  6.35 -999.0  -999.0   0 0.26 RS  
 324575527577767680 CSS_J021215.0+312123          63674293  33.06258  31.35639 1532 14.6  1.35  1.13    268.6   211 14.5    18.62    0.06  1 0.22 RS  
4619980532286039424 ASAS J021313-8042.6               -999  33.30708 -80.71053  836 10.63 1.34  3.7   12075.05  308 74.95   37.26    0.02  4 0.2  cut 
5150800282041038848 ZTF J021538.47-120438.4      302459637  33.91032 -12.07735 1618 14.19 1.29  0.94    240.89  279  7.75    7.85    0.08  1 0.06 RS  
 324694412272480128 CSS_J021559.5+314722          63720641  33.998    31.78953 1696 15.18 1.5   1.02    157.84  152  5.08   34.76    0.04  1 0.23 SSG 
 352404785352944384 ZTF J021639.46+462550.1      292934070  34.16442  46.43061 1289 14.85 1.33  0.99    143.35  150 13.54  243.33    0.0   1 0.35 RS  
 455326632860518272 ZTF J021728.40+532246.8      250837604  34.36836  53.37969 1899 15.13 1.19  0.95    310.11  336  5.33 -999.0  -999.0   0 0.45 RS  
 455328660084847360 ZTF J021739.63+532644.4      250837750  34.41515  53.44567 1082 13.15 1.6   1.15    504.27  390 31.13 -999.0  -999.0   0 0.48 SSG 
4644868351640807808 BQ Hyi                       234304609  34.5035  -71.46744  278  8.1  1.13  1.15    810.83  303 18.2    17.42    0.07  4 0.1  RS  
5175787370977044096 IZ Cet                       408127515  34.94746 -10.42797  341 10.08 1.27  1.01    669.79  347  8.12    8.09    0.05  1 0.08 RS  
2501103080167725056 CSS_J022057.9+003133         420014386  35.24138   0.526   1362 13.8  1.21  4.3    2868.72  162  2.88  130.91    0.09  2 0.1  cut 
 326868765236052992 BY Tri                       285271479  35.38875  34.07928  204  9.62 1.01  0.96    308.85  177  3.62  243.33    0.03  1 0.23 RS  
 353970691773084544 ZTF J022311.21+470307.5      293126796  35.79672  47.05211 1993 14.15 1.44  0.97    241.54  268 10.84   30.42    0.18  1 0.45 RS  
 132377527788307200 CE Tri                       285386610  36.37146  30.69736  554 11.24 1.21  1.64   1386.13  162  5.1     5.07    0.09  1 0.24 cut 
 326753999413912192 CG Tri                       285431706  36.78512  34.38903  350 11.48 1.34  0.93    380.58  163  3.11    3.12    0.23  1 0.19 RS  
 353717877114817152 ZTF J022832.37+462646.7      202932397  37.13488  46.44632 1611 14.8  1.24  2.5    2103.25  332 17.45   27.04    0.34  2 0.29 cut 
 335323352522628480 TYC 2836-1816-1              139404695  38.50062  40.32744 1211 11.98 1.46  1.16    383.55  174 35.51  243.33    0.07  1 0.18 RS  
2496285608625440512 CSS_J023411.6-023803         251107471  38.54838  -2.63419  722 13.96 1.59  1.07    198.27  186  4.2     4.21    0.24  2 0.08 SSG 
 134948873172378112 ZTF J023510.45+344050.0       73522348  38.79358  34.68057 1440 14.18 1.41  0.97    174.61  192  6.14    6.24    0.09  1 0.19 SSG 
 338502422893089536 CSS_J023510.6+413301         139428758  38.79421  41.5505  1858 15.44 1.48  1.01    177.2   176  6.96  243.33    0.08  1 0.18 SSG 
4951863650363948416 ASAS J024033-4034.9           91641404  40.13892 -40.58075  576  9.68 1.32  1.05    968.95  513 60.19   40.85    0.06  2 0.05 RS  
  88480659920272384 CSS_J024155.4+212754         337417613  40.48096  21.46522 1655 14.69 1.36  1.05    238.13  220  3.65 -999.0  -999.0   0 0.44 RS  
 340694539840991488 ZTF J024234.92+442725.2      302086707  40.64553  44.45701 1400 12.9  1.16  0.95    546.16  347 15.21 -999.0  -999.0   0 0.35 RS  
  18910470421959808 HR Cet                       381129224  40.65087   7.29061  506  8.41 1.72  2.31   2069.15  200 52.84  256.6     0.04  2 0.28 cut 
  81709523719057536 ZTF J024245.02+161819.8       52126836  40.6876   16.30551 1351 14.47 1.24  0.97    166.77  181  6.33 -999.0  -999.0   0 0.26 RS  
 335880912294085120 ZTF J024515.29+401226.6      381733297  41.31372  40.20741 1394 13.44 1.11  1.0     169.33  172 19.16   22.12    0.05  1 0.22 RS  
  83339790224838784 ZTF J024731.34+171605.8      218167687  41.8806   17.2683   873 13.47 1.3   0.96    157.91  175 17.06 -999.0  -999.0   0 0.27 RS  
5048963240199294720 BF For                       651279284  42.03304 -36.98158  144  7.75 0.83  3.63  16437.29  571 17.7    18.21    0.03  3 0.06 cut 
 139724533205093248 ZTF J024900.29+334724.2       77424319  42.25122  33.79006 1639 16.09 1.37  1.09    175.71  148  1.11   48.67    0.05  1 0.25 SSG 
  83540210579216128 ZTF J025103.05+181249.5      371400567  42.76273  18.21375 1676 14.57 1.34  1.03    192.0   184  7.59 -999.0  -999.0   0 0.4  RS  
 116312254157211904 ZTF J025246.52+272242.4      436922148  43.19385  27.37847 1584 15.04 1.28  1.01    233.13  227 14.92  121.67    0.09  1 0.37 RS  
 433553656925778304 ZTF J025350.18+441113.9      259387905  43.45909  44.18722 1248 13.61 1.19  1.11    368.73  308  8.48   60.83    0.04  1 0.4  RS  
 143926935366385792 ZTF J025453.07+401337.3       67766756  43.72116  40.22705 1603 13.95 1.24  0.97    159.61  174 11.19    6.95    0.01  1 0.27 RS  
 136779147712330624 ZTF J025506.83+340101.8       85402827  43.77846  34.01718 1698 15.0  1.22  1.1     221.96  186 11.44   11.55    0.13  1 0.27 RS  
 433588222822424448 ZTF J025513.31+443323.8      238739355  43.80546  44.55663 1782 15.01 1.68  1.2     418.77  292  6.65  243.34    0.1   1 0.44 SSG 
  34148700855166720 DG Ari                       257919157  43.83779  15.65636  796 10.65 1.48  1.4     507.7   158 34.02 -999.0  -999.0   0 0.31 RS  
 336301338052714368 [YWW2015] S530 9886           68092078  44.11426  41.66178 1223 13.38 1.29  1.1     270.99  228  7.07    7.16    0.09  1 0.31 RS  
5186313408106447744 CSS_J025658.5-030918         439877637  44.24404  -3.15503 1358 14.13 1.28  0.95    176.08  198 14.39   15.09    0.14  2 0.12 RS  
 142282203409545728 ZTF J025704.57+374527.2       68095628  44.26907  37.75757 1576 14.11 1.35  0.99    186.96  199  3.57  243.34    0.08  1 0.29 RS  
 143968476290098688 ZTF J025742.34+404728.1       68152758  44.42643  40.79114 1414 14.13 1.37  1.1     222.91  191  2.82    1.41    0.1   1 0.3  RS  
 116862731528003456 CSS_J025922.3+283913          34619039  44.84329  28.65378 1552 14.1  1.33  1.0     210.21  218  1.03   24.08    0.04  1 0.43 RS  
 144055440787909760 ZTF J025924.81+405801.7      186593562  44.85338  40.96715 1522 13.21 1.09  1.12    217.35  172  4.88    4.87    0.1   1 0.33 RS  
5188040255542012032 FU Cet                       439902189  44.97154  -0.67972  165  7.66 0.95  1.19    566.14  188 20.99   36.99    0.02  1 0.32 RS  
 142092606373337728 ZTF J030044.26+370341.1      186618437  45.18442  37.06144 1014 13.88 1.4   1.13    220.09  182 17.1    40.56    0.28  1 0.32 RS  
 432578630630375424 ZTF J030105.11+432908.5      192298127  45.27133  43.4857  1977 14.0  1.15  1.01    285.35  286 10.66   22.12    0.07  1 0.39 RS  
 142919713995622656 ZTF J030428.88+391018.3      186719002  46.12034  39.17175 1628 13.72 1.13  0.88    142.39  191  1.23   40.56    0.31  1 0.33 RS  
 142439811529529856 ZTF J030554.64+372911.0      186765610  46.4777   37.48639 1776 15.08 1.39  1.01    205.03  202 12.35   13.43    0.05  1 0.5  RS  
 239871419518155776 ZTF J030617.16+405826.0      186768472  46.57152  40.97391 1893 15.68 1.59  0.9     204.22  253  5.19  242.09    0.13  1 0.49 SSG 
 239870285646809600 ZTF J030624.81+405354.6      186768400  46.60339  40.89852 1571 13.9  1.32  1.01    234.9   239  9.38   10.14    0.04  1 0.46 RS  
 137804438010183424 ZTF J031013.78+343336.7       85596868  47.55745  34.56022 1664 13.69 1.13  1.01    199.87  201 20.22   18.72    0.03  1 0.34 RS  
5167649335664145792 CSS_J031014.7-082115          23221582  47.56125  -8.35442  539 12.93 1.48  1.05    337.3   181  3.32    3.32    0.04  1 0.2  SSG 
5181896326300508672 EL Eri                        49819952  47.6605   -5.39392  236  7.34 1.24  1.59   1171.77  209 45.53  143.6     0.03  2 0.17 cut 
5183543016761752064 CSS_J031230.9-030658          49843880  48.12908  -3.11617 1043 14.46 1.47  1.54    431.44  190  5.06    5.08    0.23  2 0.19 cut 
 238966555807400832 ZTF J031428.02+404910.8      177969409  48.61678  40.81968 1489 13.72 1.39  1.08    380.71  334 11.15  243.34    0.2   1 0.4  RS  
 239593139997785856 ZTF J031438.22+414833.9           -999  48.65928  41.80944 1581 15.05 1.69  1.06    515.11  343 16.18   48.67    0.08  1 0.42 SSG 
 236322127264797696 ZTF J032132.75+404033.9      194558442  50.38649  40.67611 1356 14.25 1.43  1.01    297.34  300  1.2    12.8     0.01  1 0.43 RS  
  54254958891842816 CSS_J032403.3+152821         303474655  51.01404  15.47261 1473 14.86 1.28  0.92    181.05  217  1.07 -999.0  -999.0   0 0.48 RS  
5098260565584998016 ASAS J032736-2322.5           92357004  51.90158 -23.37592 1056 13.24 1.1   0.91    291.28  348 13.07   12.83    0.14  2 0.06 RS  
4729955162764256512 WZ Ret                       197792814  51.91562 -58.16386  241 10.97 1.53  1.01    806.47  363  4.08    4.09    0.34  6 0.13 SSG 
 236822851732043520 ZTF J032905.29+402440.1      194853357  52.27206  40.41115 1114 13.95 1.45  1.01    313.89  317  9.07  243.34    0.31  1 0.5  RS  
5113406029019672576 ZTF J033305.69-132613.1       93104527  53.27375 -13.437    826 13.52 1.2   0.98    267.86  282 11.83  133.59    0.04  2 0.1  RS  
4849063883011864448 NO Eri                       369361791  53.53992 -41.7305   599 11.23 1.27  0.89   1120.5   462 15.3    15.62    0.11  4 0.03 RS  
3263936692671872384 V0711 Tau                    311092804  54.19704   0.58775   29  5.61 1.24  1.0    1338.63  177  2.84 -999.0  -999.0   0 0.35 RS  
3270888767255819264 CSS_J034254.3+015656         457162619  55.72654   1.94889 1243 14.27 1.42  0.98    346.81  371  2.08    1.56    0.14  2 0.4  RS  
  71640436752289408 [WM2007] 85                  125738030  56.90329  28.10701 1842 15.0  1.41  1.06    295.26  264  2.68    2.67    0.22  1 0.37 RS  
  65719566637012992 ZTF J035347.19+235007.6      440732180  58.44664  23.83545 1220 14.17 1.25  0.99    302.6   312  3.88 -999.0  -999.0   0 0.42 RS  
 218967126495227520 ZTF J035621.50+352021.5       94476330  59.08959  35.33931 1092 14.01 1.71  1.05    426.23  410  3.31   48.67    0.09  1 0.44 SSG 
4843315533142647680 AM Hor                       369375576  59.90304 -39.88747  138  9.17 1.35  1.48   1453.95  370  9.92    9.68    0.05  3 0.02 cut 
4682624554442312576 UY Ret                       198006444  59.91933 -58.67492  386  9.1  1.36  1.03    673.6   350 22.72   11.4     0.06  7 0.08 RS  
4680149725567736320 XY Ret                            -999  60.15546 -60.23317  378 11.6  1.3   3.44   6595.65  294  3.3     3.31    0.09  9 0.05 cut 
3194152716882214912 CSS_J040246.1-084403          34183487  60.69238  -8.73433 1153 13.89 1.44  1.08    324.28  292  5.45    5.42    0.03  1 0.13 SSG 
3253546754466677120 ZTF J041124.02-005227.6       11049663  62.85011  -0.87436  650 13.07 1.53  2.09   1458.54  331  3.21    3.21    0.18  2 0.47 cut 
4884511622495522688 NV Eri                       168789753  63.49583 -31.54444  448 10.49 1.16  1.66   2282.76  410  8.36    8.45    0.07  4 0.07 cut 
5092916973434252800 NW Eri                       139527964  63.68062 -18.87014  773  9.09 1.33  1.0    1169.86  639 61.69   51.97    0.07  3 0.1  RS  
3178786251609990656 NSVS 14892045                 70962037  64.79833 -12.11894 1181 13.38 1.26  2.23   1537.44  314 16.5    16.36    0.1   2 0.1  cut 
3177785146273128576 ZTF J042901.14-124738.0       71132323  67.25479 -12.79389 1158 14.35 1.43  1.01    659.26  656  2.48    2.49    0.18  2 0.11 SSG 
3205350624335681280 OP Eri                       229086827  69.05217  -1.84028  487  9.69 1.24  1.26   1674.88  589 49.35   30.4     0.04  2 0.14 RS  
4778278698805545344 AV Pic                       259393547  69.2517  -51.8407   179  8.17 1.06  1.13    925.95  346 76.1    54.63    0.05  6 0.02 RS  
3292165038808084864 CSS_J044133.0+074229         373308357  70.38783   7.70817 1076 13.79 1.44  1.06    447.21  411 13.79   21.69    0.11  2 0.42 RS  
 557850830809118848 V0969 Cep                    420804497  70.55293  82.10212  843 11.68 0.98  0.96    850.08  353  4.46    4.47    0.04  3 0.3  RS  
3231011782618742656 V1330 Tau                    464807742  70.57758   1.29444  403 11.37 1.31  0.79    713.98  379  8.77    8.82    0.17  2 0.37 RS  
3289134475523953152 ZTF J044301.05+071754.4      373363536  70.75438   7.29845 1724 15.0  1.18  1.04    412.93  374 10.64  260.35    0.19  2 0.39 RS  
3289688801183527808 CSS_J044808.5+082155         450087292  72.03579   8.36539 1476 14.96 1.47  1.0     454.96  452 12.36   12.11    0.11  2 0.4  SSG 
3225055487613457152 ZTF J045344.02-025812.1      244210279  73.43342  -2.97003  769 13.07 1.19  1.09    523.6   379 14.57   14.39    0.14  2 0.11 RS  
 556446380800482944 ZTF J045525.09+795515.5           -999  73.85458  79.92099 1674 15.1  1.48  1.03    492.7   395  5.33    5.33    0.17  4 0.21 SSG 
3224753499872767616 ZTF J045646.96-035020.6      244250554  74.19568  -3.83906 1909 14.36 1.18  1.0     533.13  533  5.58    5.6     0.11  2 0.12 RS  
3239244272853364224 CSS_J045829.1+040242         452748099  74.62154   4.04519 1739 14.55 1.46  1.01    511.11  512  6.34  132.82    0.12  2 0.19 SSG 
3238392391860548096 V1192 Ori                    452765533  75.03425   3.28667  349  7.09 1.45  1.48   3137.85  600 29.5    25.26    0.01  2 0.16 cut 
 483738700513787904 ZTF J050149.64+673629.9      468400718  75.45685  67.60831 1840 15.03 1.35  1.0     702.25  685  8.35    8.35    0.01  1 0.41 RS  
3226892835967104640 ZTF J050504.60-013938.8      213106663  76.26919  -1.66078 1438 14.84 1.44  1.01    678.77  669  2.77  131.32    0.06  2 0.42 RS  
3240241495540289152 V2798 Ori                    373420057  76.28371   6.49772  536 12.38 1.32  1.06    444.9   281  7.49    5.6     0.07  2 0.33 RS  
4612509488213764736 FN Oct                       317154447  76.57688 -86.69572  341 10.8  1.44  1.09    692.15  316  7.94    7.97    0.16  3 0.37 RS  
3235018540430554112 V2800 Ori                    455033298  76.66667   2.14036  500 10.78 1.26  1.02    711.23  379  1.98    1.98    0.08  2 0.18 RS  
 498859012619572224 ZTF J050726.76+714120.4      468784172  76.86152  71.68902 1136 13.73 1.37  1.06    543.92  497 15.57   14.73    0.12  3 0.33 RS  
3211720748030043520 EZ Eri                       248402022  76.86867  -5.40703  269  9.8  1.12  1.07    956.1   442  8.9     8.67    0.04  2 0.24 RS  
 553077889489341056 ZTF J050858.75+784016.6      142048178  77.24482  78.67129 1960 15.17 1.22  0.99    439.54  441  0.59   31.54    0.09  4 0.34 RS  
4624796839892452864 YZ Men                       140968117  77.61146 -77.21708  187  7.5  1.36  1.38   1540.32  374 19.58   19.83    0.05 22 0.41 RS  
3290507490669652992 CSS_J051103.5+090756         408045397  77.76496   9.13222 1530 13.83 1.26  1.01    272.54  271 21.57  260.25    0.06  2 0.45 RS  
3213720931479773184 ZTF J051300.71-031430.3      248991577  78.25296  -3.24176 1639 13.94 1.13  1.03    372.38  359 16.72   20.84    0.07  2 0.27 RS  
3240468506034067584 CSS_J051404.4+054138         397124910  78.51854   5.69389 1283 14.69 1.49  1.01    357.89  355  2.36  132.42    0.04  2 0.26 SSG 
3233914355878090368 ZTF J051439.57+011520.7      454162678  78.66488   1.25577 1268 13.63 1.23  1.04    522.82  489 12.84  259.86    0.14  1 0.32 RS  
 498912918751087104 Karachurin 10                140937907  78.78838  72.30339  876  9.98 1.4   1.12   1037.68  455 28.65   33.78    0.03  2 0.34 RS  
 503743867903761408 CL Cam                       140991683  79.62958  75.94703  160  7.2  1.27  1.19   1498.82  452 41.5    42.72    0.17  2 0.49 RS  
3240978237049682688 CSS_J051907.0+062438         443748706  79.77946   6.41081 1938 14.67 1.28  1.06    411.61  369 10.12   10.39    0.16  1 0.46 RS  
3237099190089952768 ZALD J05202362+0436519       449307530  80.09842   4.61442 1752 11.68 1.48  1.51   1972.22  428 42.7    37.12    0.02  1 0.41 cut 
3234368763416969344 CSS_J052229.1+021829         264588471  80.62158   2.30831 1224 13.15 1.11  1.12    734.31  562  4.98    2.67    0.59  2 0.28 RS  
 499257860461520000 ZTF J052515.76+731117.8      141032096  81.3157   73.1883  1238 14.42 1.21  1.0     561.63  566 12.2    20.75    0.07  2 0.34 RS  
3209047732184777728 ZTF J052719.62-055505.9      199738916  81.83177  -5.91832  961 12.8  1.38  1.01    625.06  412 20.85   21.7     0.3   2 0.25 RS  
 503097080187543424 ZTF J052859.76+752826.8      260364191  82.24902  75.47413  809 12.94 1.53  1.07    833.99  432 33.26   32.84    0.11  3 0.42 SSG 
3209450119080499456 ZTF J053029.03-053313.7       50661039  82.62098  -5.55382  907 13.96 1.47  1.05    466.13  439 11.17   11.63    0.14  2 0.24 SSG 
2971255046776109440 CSS_J053145.1-180236          92869153  82.93829 -18.04353 1913 12.86 1.31  1.04    784.6   453  1.13 -999.0  -999.0   0 0.17 RS  
3217251738194837888 ZTF J053145.52-012355.1       50744352  82.93967  -1.39865  358 12.94 1.44  1.7    2002.12  397  2.45  109.97    0.06  2 0.49 cut 
2971806451856360832 CSS_J053217.9-155356          46310601  83.07479 -15.89908 1536 15.35 1.44  1.02    507.45  474  7.04    7.02    0.15  3 0.26 SSG 
3217351278357286656 ZTF J053541.81-014435.1      427399420  83.92422  -1.7431   418 13.31 1.64  1.09    388.21  348  2.43  238.68    0.05  2 0.38 SSG 
2905582587340697984 NSV 2418                      24610080  83.92983 -29.92828  291  9.52 1.17  0.99    941.14  534  3.1     3.1     0.07  4 0.07 RS  
4793874652769958912 AY Pic                       290657824  84.00304 -49.86475  487 11.39 1.25  0.89    685.52  270 11.26   11.42    0.11  7 0.11 RS  
 485007055896412160 GSC 04344-01939              321160232  84.14283  69.156   1266 13.7  1.49  0.98    621.49  676 13.91  250.42    0.02  1 0.38 RS  
2971963922538496512 CSS_J054048.9-160455          46639679  85.20388 -16.08206  791 13.15 1.21  1.31   1179.92  670  0.83    5.17    0.05  3 0.23 RS  
2902205579112451712 BM Col                       140282087  85.20417 -31.40192  359  8.28 1.27  1.15   1167.98  440  9.16    9.3     0.05  4 0.06 RS  
 481535451011044096 ZTF J054917.36+674338.4      400057236  87.32236  67.72734 1485 14.61 1.46  1.31   1444.81  843 12.17    7.37    0.08  1 0.44 RS  
 481538405945442048 V0411 Cam                    400057232  87.33229  67.73428  592 11.83 1.3   1.48   3632.69  849  7.43    7.37    0.08  1 0.43 cut 
4765616551100648576 NSV 2714                     350655963  88.08418 -57.15619  116  5.73 0.87  1.2    1729.65  151 45.63  179.74    0.0   6 0.31 RS  
 486277404142418176 ZTF J055240.70+712759.1      400093859  88.16961  71.46643 1653 15.09 1.46  1.06    552.67  489  9.59   17.89    0.02  3 0.36 SSG 
 269822528574842624 ZTF J055509.57+584040.1       53084118  88.7899   58.67783 1579 15.15 1.44  0.95    272.32  296  7.56  250.42    0.03  1 0.4  RS  
 486004656539467776 ZTF J055633.99+704354.1       99433749  89.14166  70.73171  912 14.37 1.56  1.05    579.4   543  2.17    2.17    0.05  2 0.43 SSG 
 269860977121844608 ZTF J055813.86+590550.1       53154387  89.55779  59.09726 1689 14.81 1.4   1.02    295.05  282  9.24    9.27    0.07  1 0.37 RS  
 997346523447997440 NSVS 2280129                 445727205  90.77998  55.78924 1376 13.57 1.4   1.05    374.66  353  2.5     2.5     0.05  1 0.42 RS  
5571063484791390080 ASAS J060335-4359.8               -999  90.89667 -43.99631  650 10.31 1.48  1.11   1136.18  370  7.22    7.3     0.06  5 0.23 RS  
1105612066183615488 ZTF J060403.52+690024.6      468803642  91.01469  69.00686 1876 14.9  1.34  1.02    822.61  784  3.79  193.96    0.07  2 0.32 RS  
1008697572256564608 ZTF J060549.92+652930.9       71043578  91.45802  65.49194 1317 13.08 1.4   1.09    789.25  634  2.25    4.54    0.09  2 0.26 RS  
5500251018951880832 TY Pic                       260078613  91.98725 -54.43928  365  7.3  1.26  1.75   2562.62  369 50.2    40.55    0.04 20 0.19 cut 
 962755166084872960 ZTF J060803.30+442417.9      440564239  92.01376  44.40499 1181 13.66 1.44  1.15    324.82  255  3.15 -999.0  -999.0   0 0.48 RS  
 970050150856717568 ZTF J060814.17+490329.8      274667261  92.05908  49.05829 1613 14.09 1.29  1.08    326.19  287  3.15    3.17    0.14  1 0.5  RS  
1150099784109263104 ZALD J06102680+8522535       408547988  92.61167  85.38153  983 11.76 1.52  0.93    559.65  343 23.05   23.88    0.15  3 0.24 RS  
1105398898366545280 ZTF J061115.79+675514.7      468836925  92.81581  67.92076  993 14.27 1.5   1.0     824.6   847  3.9     3.92    0.1   2 0.3  SSG 
2885015058409883136 BP Col                       393159622  93.18158 -36.632    333  7.95 1.17  1.13   1067.69  409 10.3    10.36    0.04  4 0.22 RS  
5496053289715459200 BC Pic                       260192462  93.27496 -56.34033  390  9.28 1.27  1.25    923.32  335 17.95   21.01    0.04 21 0.12 RS  
 968795848608008320 ZTF J061406.98+473312.9      307337288  93.52912  47.55361 1781 14.44 1.21  1.01    354.57  345  6.37 -999.0  -999.0   0 0.44 RS  
1005599732604913792 ZTF J061501.93+601633.7      379201819  93.75805  60.27603 1827 15.69 1.51  1.05    403.44  361  4.52    4.54    0.13  2 0.37 SSG 
1116235307011115264 ZTF J061824.34+760122.9      138167928  94.60145  76.02304 1304 14.28 1.34  1.01    437.67  440  8.5     8.6     0.08  2 0.31 RS  
1106818127361193856 ZTF J061906.31+684146.0      468885928  94.7763   68.69613 1903 15.9  1.6   1.03    974.3   899 11.49  256.56    0.04  2 0.25 SSG 
5567562330531287808 V0706 Pup                         -999  95.18108 -43.82931 1173 10.36 1.34  1.17   1125.13  410 31.36   40.75    0.16  4 0.11 RS  
 962106591663088000 ZTF J062058.88+435452.3      189883098  95.24534  43.91454  811 14.18 1.62  0.98    278.15  304  1.6   262.71    0.07  1 0.48 SSG 
 968435208794060032 ZTF J062258.17+461037.0      189909369  95.7424   46.17697 1786 15.74 1.27  0.99    292.47  290  2.1   262.71    0.03  1 0.5  RS  
 997973519954014848 ZTF J062301.79+560627.4      423005662  95.75747  56.10763 1278 14.48 1.4   1.09    526.52  444  2.05    2.05    0.24  1 0.25 SSG 
5282985906409304832 BK Dor                       167086201  95.79479 -67.42339  264  9.39 0.99  3.47   5701.27  252  2.2     1.1     0.07 21 0.14 cut 
5266088852223008512 AE Men                       141980517  96.41804 -72.04306  293  7.93 1.3   1.32   1190.49  334 12.03   12.08    0.04 22 0.28 RS  
2939805956207978624 NSVS 15092298                 47498985  96.84329 -20.11689 1308 11.89 1.24  1.19   1653.94  613 40.5    20.15    0.05  2 0.44 RS  
3435358801781135616 ZTF J062947.74+300442.8      171985618  97.44895  30.07856  861 13.8  1.38  2.05    771.63  192  4.42    4.38    0.06  1 0.48 cut 
5482763904987858688 TZ Pic                       260635563  97.77388 -59.00461  144  7.35 1.33  1.27   1215.24  341 13.68   15.5     0.02 23 0.2  RS  
 967428537178131328 ZTF J063259.27+484832.1      253021659  98.24698  48.80894 1487 14.65 1.29  1.0     283.35  282  3.21  262.71    0.02  1 0.37 RS  
1007368537576283648 ZTF J063325.45+633616.0       55449100  98.35605  63.60446 1001 13.97 1.33  1.03    528.2   510  9.01    9.06    0.03  1 0.26 RS  
1001345138001192064 ZTF J063412.89+580016.4      467152060  98.55373  58.00457 1793 14.99 1.23  1.04    410.54  376  0.72  262.71    0.05  1 0.18 RS  
1106544039727143552 ZTF J063419.99+694027.8      396799626  98.58333  69.67439 1366 14.73 1.45  1.0     632.1   639  8.38    8.28    0.1   2 0.32 SSG 
 943372253555979264 ZTF J063424.94+372224.5      407504376  98.60394  37.3735  1732 15.2  1.31  1.07    261.85  226  8.06 -999.0  -999.0   0 0.42 RS  
 964191678025224064 ZTF J063533.90+440719.3      190251362  98.89128  44.12205 1650 14.23 1.19  1.08    456.14  393  0.76  262.71    0.01  1 0.37 RS  
 942209653151890048 ZTF J063646.00+355721.6      309588230  99.1917   35.956    835 13.33 1.38  1.02    237.92  236  3.67    3.65    0.18  1 0.4  RS  
 995185295905836416 ZTF J063700.59+562841.1      444899490  99.25246  56.4781  1817 15.55 1.3   1.38   1065.0   542  8.49  262.71    0.03  1 0.16 RS  
 964264486311516160 ZTF J063727.19+435535.0      190349100  99.36333  43.92641  941 13.85 1.43  0.98    206.81  223 13.52  262.71    0.08  1 0.41 RS  
 991947612118607232 ZTF J063818.65+501616.5      453316491  99.57773  50.27125 1292 13.85 1.43  1.07    314.7   286  3.65    1.82    0.05  1 0.34 RS  
2918703613650536064 ASAS J063954-2840.8          172402905  99.97513 -28.67975 1273 12.48 1.31  1.03    606.9   411 22.23   22.2     0.18  3 0.19 RS  
 966518656947027200 ZTF J064020.32+471143.9      274220901 100.08467  47.19554 1817 15.12 1.45  1.09    334.41  278  3.98    3.98    0.08  1 0.32 SSG 
1001254359572597120 CSS_J064025.0+572525         444910616 100.10429  57.42372 1856 14.82 1.37  1.04    550.84  509  5.92    5.84    0.08  1 0.15 RS  
3386469498288388352 ZTF J064416.39+282842.7       84442062 101.06831  28.47854 1288 14.59 1.48  0.94    190.05  218  4.41 -999.0  -999.0   0 0.32 SSG 
3386579930487814144 ZTF J064532.64+285617.3       84478988 101.38603  28.93816 1829 15.41 1.33  0.94    174.93  197  9.38 -999.0  -999.0   0 0.32 RS  
 966851431013064576 ZTF J064642.20+482755.6      453330421 101.67585  48.46547  974 12.41 1.12  1.04    549.12  341  5.41    5.36    0.12  1 0.27 RS  
 951943874405806720 ZTF J064711.60+431647.8      191811468 101.79834  43.27995 1158 14.29 1.44  1.07    209.76  189 19.26  262.71    0.01  1 0.3  SSG 
1101071117518361856 ZTF J064826.46+653938.3       88225931 102.11026  65.66064 1891 14.97 1.43  1.03    550.11  517  4.53    4.53    0.17  1 0.15 SSG 
1100325030158927232 ZTF J064839.66+631825.3       88224896 102.16527  63.30703 1983 15.28 1.49  0.96    437.69  468 11.92  262.71    0.02  1 0.23 SSG 
3365815138002558464 V0447 Gem                     57204647 102.27108  19.99825  517 11.42 1.17  4.03  12236.4   229 12.07 -999.0  -999.0   0 0.39 cut 
 993945940143049088 ZTF J064930.97+541857.6       11831938 102.37908  54.31602 1570 16.18 1.4   1.0     456.9   445  1.68    1.67    0.04  1 0.18 SSG 
 952296126148922496 CSS_J065001.6+433324         191881883 102.50704  43.55689 1634 14.46 1.3   1.08    228.24  201  5.43  262.71    0.02  1 0.29 RS  
 951422224859433856 CSS_J065151.4+404534          21267007 102.96454  40.75967 1249 14.08 1.44  0.99    222.88  236  7.01 -999.0  -999.0   0 0.26 SSG 
3358460745241794688 ZTF J065157.09+172714.5      155360997 102.9879   17.45405 1650 14.88 1.4   1.07    248.41  217  1.05 -999.0  -999.0   0 0.24 RS  
5498766265938483712 V0449 Car                    238028476 103.30388 -52.41017  289  8.66 1.27  1.03    699.13  343 60.13   41.63    0.05  9 0.2  RS  
1113210103844239872 V0463 Cam                    141466719 103.32546  72.76153  648 11.81 1.41  5.3   29094.79  538  5.62    5.56    0.12  3 0.35 cut 
3366322047222066432 ZTF J065509.02+210035.2       57905419 103.78762  21.00978 1644 14.07 1.26  1.2     296.56  215  3.31 -999.0  -999.0   0 0.24 RS  
 950391157828856320 ZTF J065537.26+400002.0      328560081 103.90526  40.00058 1694 14.39 1.33  1.02    231.83  225  7.06  262.71    0.08  1 0.23 RS  
3354833456382390272 ZTF J065745.92+153251.7      386420132 104.44135  15.5477  1494 14.52 1.43  1.11    234.87  198  4.21  131.22    0.06  2 0.31 RS  
 953783387423971840 ZTF J065813.96+442548.3      192066242 104.55819  44.43011  798 12.29 1.01  0.96    286.67  203  2.81  262.71    0.01  1 0.33 RS  
1002336313373346688 ZTF J065818.54+582225.9       14248862 104.57726  58.37388  529 12.64 1.43  1.17    673.57  365 11.05   11.42    0.05  1 0.17 SSG 
 981529120970046208 CSS_J070113.0+523201         252921987 105.3045   52.53378 1987 14.69 1.18  1.0     442.33  433  5.11 -999.0  -999.0   0 0.15 RS  
 977664539460014336 ZTF J070301.12+464655.0      192198615 105.7547   46.78196 1868 14.96 1.39  0.95    142.81  160 11.34   11.42    0.09  1 0.23 RS  
3154130699791789824 ZTF J070314.29+075104.1      425090202 105.80958   7.85115  442 13.16 1.34  1.15    263.11  202  1.81    1.81    0.1   1 0.31 SSG 
5480875699925768320 V0835 Car                    279614617 106.30133 -57.5705   278  9.69 1.02  1.08    694.5   309  7.41    7.46    0.05 23 0.3  RS  
3359763730941858688 V0454 Gem                    386494481 106.44838  15.02261  543  9.21 1.23  1.38    729.64  216 35.53   25.83    0.07  1 0.25 RS  
3154310573023341696 ZTF J070551.60+075519.8      262036202 106.465     7.92217 1395 15.54 1.39  1.81    650.35  197  3.12  258.27    0.03  1 0.45 cut 
 945889271893222272 CSS_J070715.7+365254         156784035 106.81579  36.88189 1445 13.84 1.24  1.09    207.26  180 68.54  262.71    0.04  1 0.18 RS  
 946239539362113664 ZTF J070806.99+380412.8      156785914 107.02914  38.07023 1214 13.55 1.07  1.09    242.32  208  2.33  262.71    0.02  1 0.19 RS  
5491226360654244864 NSV 17367                    294049251 107.05233 -54.62944  304  9.16 1.15  1.34   1233.12  368 71.7    51.03    0.03  8 0.34 RS  
5505106599740802176 V0836 Car                    410902268 107.22604 -50.96375  621  9.54 0.98  0.87    416.36  285 24.5    24.17    0.07  5 0.39 RS  
 882753772334068480 ZTF J070956.84+252002.9       87872751 107.48684  25.33416  871 14.19 1.46  0.93    174.65  210  8.93 -999.0  -999.0   0 0.19 SSG 
3159417667094409728 ZTF J071025.07+101755.8      468961431 107.60449  10.29886 1575 14.98 1.6   1.04    203.86  192  2.73  251.22    0.03  2 0.32 SSG 
3167557867069062144 ZTF J071030.86+144625.2       26462133 107.6286   14.77369 1956 14.67 1.42  0.97    170.76  184  6.46    6.46    0.13  1 0.24 RS  
 884550168176051712 ZTF J071042.09+282005.1      101522318 107.67539  28.33476 1853 15.33 1.57  0.97    205.08  218  2.68 -999.0  -999.0   0 0.18 SSG 
1109708090591754880 ZTF J071049.87+703959.9       99639635 107.70783  70.66666  759 12.71 1.22  1.05    832.63  519 24.86   25.74    0.1   2 0.12 RS  
 891405176498497792 ZTF J071057.81+342713.4       68981743 107.74088  34.45373 1642 14.55 1.19  1.03    204.06  195 20.08   21.89    0.13  1 0.18 RS  
 990148501857126912 ZTF J071156.29+581535.9      377364151 107.98455  58.25999 1919 15.08 1.23  1.08    349.09  293 13.32   16.42    0.01  1 0.11 RS  
3154397915478862976 ZTF J071207.73+082034.8      262757735 108.03221   8.34301 1587 13.53 1.05  1.09    274.27  236  3.42  258.27    0.09  1 0.27 RS  
1109680907742384768 V0471 Cam                     99644649 108.32113  70.27619  259 10.68 1.14  0.94    870.18  541 12.38   12.46    0.13  2 0.13 RS  
 980443971713415936 ZTF J071342.39+512602.4      318068847 108.42663  51.43401 1604 14.79 1.41  1.06    572.71  514 10.88   10.95    0.03  1 0.2  SSG 
3166407021991620864 ZTF J071353.91+131823.0      440761543 108.47465  13.30641 1226 14.68 1.47  1.03    190.56  184  8.96  251.22    0.18  2 0.24 SSG 
3110094056511696640 ZTF J071428.65-011950.1       23625745 108.61939  -1.33059 1481 15.77 1.61  1.05    235.59  214 11.19   10.7     0.05  2 0.44 SSG 
 897614462257689856 ZTF J071513.13+361052.7      332173130 108.80471  36.18132  758 13.7  1.46  1.14    264.67  216  2.68    2.68    0.1   1 0.2  SSG 
 986835943904514816 CSS_J071547.1+535251         318116139 108.94646  53.88097 1962 14.09 1.28  1.05    319.96  297  4.7     4.69    0.45  1 0.25 RS  
 886250665987634944 ZTF J071553.73+294145.7      155717822 108.97388  29.69603 1590 14.68 1.22  0.91    141.53  175 22.63  262.71    0.04  1 0.16 RS  
 989882316964721280 ZTF J071604.79+571311.9       51122919 109.01999  57.21999 1876 15.4  1.54  1.02    377.2   356  2.53    2.53    0.18  1 0.17 SSG 
3367160356117352960 V0424 Gem                     59578590 109.21021  21.75003  482  9.62 1.36  1.2     481.52  194 40.53 -999.0  -999.0   0 0.18 RS  
3367209142648326272 ZTF J071753.45+221137.5      184787079 109.47275  22.19375 1955 14.09 1.06  1.08    222.63  196  3.18 -999.0  -999.0   0 0.16 RS  
1136387362282844160 ZTF J071857.72+750657.2      441571361 109.74053  75.1159  1556 14.2  1.25  0.98    404.76  427  3.26    8.52    0.11  2 0.09 RS  
 948019373809390848 ZTF J071956.80+390317.4       17856850 109.9867   39.05486 1769 14.34 1.26  1.01    244.57  243  2.15 -999.0  -999.0   0 0.19 RS  
 948467699675931648 CSS_J072027.1+404654         371232411 110.113    40.78169 1185 14.41 1.49  1.13    245.13  198  8.93 -999.0  -999.0   0 0.17 SSG 
 871136882231721600 V0340 Gem                    126193804 110.38675  26.15922  467  7.15 1.13  1.25    731.17  198 35.37 -999.0  -999.0   0 0.19 RS  
 885860957833807360 CSS_J072149.2+300305         302911766 110.45529  30.05144 1823 14.66 1.33  0.92    147.62  179  8.3   262.71    0.02  1 0.18 RS  
 986452798461707648 ZTF J072221.23+522700.2      470972318 110.58846  52.45007 1446 13.67 1.19  1.06    407.34  364 11.82   11.94    0.08  1 0.17 RS  
 893393295383452288 V0459 Gem                    239126199 111.09981  33.95098  479 12.15 1.38  1.17    345.96  170  5.58    5.59    0.29  1 0.14 SSG 
 987079902342904192 ZTF J072449.83+543028.2      444979585 111.20764  54.50784 1544 14.22 1.24  1.0     310.96  316 15.9     7.73    0.05  1 0.18 RS  
 873049860663883136 ZTF J072531.84+275524.9      446004393 111.38267  27.92359 1334 14.24 1.41  1.07    255.86  230  3.47 -999.0  -999.0   0 0.1  SSG 
 973269623981397376 ZTF J072623.59+443051.5       67885855 111.5983   44.51433  829 13.92 1.33  1.0     389.05  396 10.27   10.95    0.09  1 0.28 RS  
 982982567966529152 ZTF J073019.64+501254.9      328327820 112.58184  50.21526 1505 14.87 1.31  0.97    240.21  255 13.47 -999.0  -999.0   0 0.18 RS  
 900315751871855616 ZTF J073210.23+394324.7       16032385 113.04265  39.72353  586 13.15 1.55  1.1     213.45  181  9.24   17.51    0.06  1 0.16 SSG 
 924915679572517760 CSS_J073226.9+430447         307777966 113.11246  43.07994 1245 14.39 1.46  1.01    352.18  351  1.38    3.55    0.24  1 0.15 SSG 
3143151835669691392 ZTF J073326.75+083107.5      234408721 113.36146   8.51877 1917 15.44 1.27  0.98    215.67  221  5.72  244.16    0.24  1 0.14 RS  
3165427215396357120 ZTF J073422.58+151448.4      247165471 113.5941   15.24678 1981 13.87 0.98  0.97    190.83  207 13.95  244.16    0.03  1 0.16 RS  
1136298576719175936 ZTF J073507.74+753841.3      441593273 113.78228  75.64481 1767 14.53 1.28  0.99    425.61  430  5.22    9.47    0.07  2 0.11 RS  
 892385150595367296 CSS_J073555.2+321740         239193453 113.98013  32.29461 1536 13.46 1.22  6.7    7888.28  183 39.22   43.79    0.07  1 0.12 cut 
5531921695480803072 V0344 Pup                    123153249 114.05754 -44.95761  117  6.63 1.23  1.42   1750.43  308 11.75    5.87    0.03  4 0.46 cut 
 975691298341277824 ZTF J073625.95+472848.1      373612629 114.10815  47.48005 1500 13.02 0.74  2.5    2487.91  289  6.51    3.2     0.02  1 0.34 cut 
3137895792132452736 FK CMi                       280103731 114.17454   3.9055   352 11.39 1.45  0.86    557.27  258 19.28   17.7     0.15  2 0.13 SSG 
 673091061129216256 CSS_J073729.9+204345          70379379 114.37467  20.72942 1317 12.7  0.84  0.99    245.01  169  6.39 -999.0  -999.0   0 0.13 RS  
 868651504915627776 CSS_J074030.0+245545          95165760 115.12537  24.92917 1858 15.35 1.21  1.02    227.48  219  2.91 -999.0  -999.0   0 0.11 RS  
 925206775275718784 CSS_J074048.7+440604         241153822 115.20329  44.10119 1664 14.63 1.4   1.08    300.89  260  4.15    4.17    0.04  1 0.12 SSG 
 869165664040206464 CSS_J074051.7+264733          95168352 115.21554  26.79272 1917 14.93 1.33  1.05    257.1   234 14.96 -999.0  -999.0   0 0.12 RS  
 671472648733578752 ZTF J074140.05+183131.4       70582832 115.41691  18.52539 1008 13.32 1.35  0.93    186.69  221  4.16 -999.0  -999.0   0 0.11 RS  
 672839822722908672 ZTF J074153.07+201752.4           -999 115.47116  20.2979  1804 14.38 1.08  1.02    219.43  212  4.82 -999.0  -999.0   0 0.15 RS  
 878467085735262720 sig Gem                           -999 115.82804  28.8835    37  3.97 1.35  2.75  58680.98  139 19.42 -999.0  -999.0   0 0.08 cut 
 982444460104016128 ZTF J074335.69+503027.0      328374919 115.89874  50.50752 1911 14.92 1.21  0.99    227.71  234  3.81 -999.0  -999.0   0 0.17 RS  
 894915470448875520 ZTF J074414.99+354745.7        4304336 116.06248  35.79605 1330 14.66 1.34  1.05    344.61  317  5.21  262.71    0.14  1 0.18 RS  
 672877103038407040 V0474 Gem                     62822630 116.3183   20.3879   481  9.55 1.24  1.1     420.93  205 12.13 -999.0  -999.0   0 0.14 RS  
 894629700504951808 CSS_J074519.4+351002           4376891 116.33117  35.16736  849 12.97 1.46  0.93    481.13  323  3.66    3.65    0.16  1 0.19 SSG 
 879082846606531584 CSS_J074519.8+294425         393741668 116.33262  29.74036 1017 14.09 1.37  0.98    235.61  254  0.28    8.76    0.13  1 0.11 SSG 
 672121154434948864 ZTF J074607.10+201511.1       62851813 116.52961  20.25311 1313 14.58 1.33  1.12    233.81  193  3.32 -999.0  -999.0   0 0.2  RS  
 878852292762317568 CSS_J074611.0+292451         393746757 116.54596  29.41442 1634 14.44 1.18  1.09    343.81  288  5.28  262.71    0.16  1 0.12 RS  
1088088973274225280 ZALD J07462293+6241339       393276696 116.59554  62.69275 1342 11.77 1.29  0.97    763.47  396 48.9  -999.0  -999.0   0 0.14 RS  
 894666495487902208 ZTF J074649.15+353350.3        4429478 116.7048   35.56398  857 12.25 1.26  1.07    455.15  269 10.5    10.1     0.26  1 0.17 RS  
3151611890450324352 ZTF J074808.06+115449.2      220578839 117.03361  11.91369  518 12.33 1.29  1.06    412.63  254  8.53    8.43    0.13  2 0.08 RS  
 925837551352416512 CSS_J074811.9+433403         241183675 117.04996  43.56761 1597 15.2  1.61  0.98    260.41  272  2.61    2.6     0.35  1 0.12 SSG 
3089214021459666176 FL CMi                       271313352 117.23239   3.40287  275 10.91 1.28  1.15   1107.69  401  4.88    4.87    0.08  2 0.08 RS  
3152320903651267328 ZTF J074916.95+131449.1       17597704 117.32066  13.247   1954 15.33 1.37  0.99    320.24  321  8.92  126.77    0.13  2 0.09 SSG 
5275118007347610752 AK Vol                       382435583 117.34625 -65.82428  443  8.28 1.21  3.25   5425.24  257 31.81   19.22    0.02 22 0.32 cut 
 918831669419099008 ER Lyn                         9267335 117.8285   36.49903  601 12.14 1.38  0.91    353.17  289  3.38    6.91    0.07  1 0.15 RS  
 668743214197037824 CSS_J075129.1+185823          63082120 117.87154  18.97314 1341 14.68 1.37  1.06    492.21  433 15.2  -999.0  -999.0   0 0.14 SSG 
3089043665876538368 ZTF J075216.08+032637.3      266322098 118.06702   3.44371 1248 14.29 1.31  0.95    333.76  371 18.07   19.35    0.06  2 0.08 RS  
 675401375577988096 CSS_J075229.8+232839          63101809 118.12446  23.47775 1355 14.65 1.31  1.06    342.5   307  5.03 -999.0  -999.0   0 0.18 RS  
3151968750692671616 CSS_J075343.0+122025          17817511 118.42954  12.34039 1802 13.76 1.17  1.03    337.98  323 17.79   16.05    0.07  2 0.07 RS  
3087757099833062144 ZTF J075348.55+020609.5      266437906 118.4523    2.10264 1724 14.7  1.23  1.02    345.36  333 10.52  129.99    0.02  2 0.1  RS  
5275486240664958592 ASAS J075409-6541.5               -999 118.53626 -65.69166  410 10.13 1.32  1.2     844.58  277 15.27   14.99    0.03 22 0.42 RS  
 654503129867566080 CSS_J075410.6+141829          17819132 118.54425  14.30822 1446 13.57 1.3   1.69    958.49  344  5.6     5.53    0.16  2 0.1  cut 
1081153704899012096 Gaia DR2 1081153704899012096  53423100 118.5561   55.42485 1531 14.4  1.3   1.03    482.61  456 11.41   12.51    0.09  1 0.11 RS  
5719175294559135744 ZTF J075441.39-155501.9       54565868 118.67248 -15.91722 1627 14.76 1.44  1.03    503.8   471  3.35  146.87    0.04  2 0.37 RS  
3081417556305472256 ZTF J075507.16-021321.3      123140308 118.77985  -2.22261 1718 15.52 1.51  0.99    407.61  406 21.58  128.05    0.13  2 0.1  SSG 
 654561781940678912 CSS_J075520.4+145106          18914320 118.83512  14.85167 1484 14.91 1.49  3.27   3504.93  330  6.92 -999.0  -999.0   0 0.08 cut 
 926293608159701632 ZTF J075531.08+451049.3      332226300 118.87953  45.18038 1290 14.29 1.38  1.07    257.02  231 14.42   14.6     0.09  1 0.12 SSG 
 920684415231295360 ZTF J075539.95+403858.5       39050446 118.91648  40.6496  1955 15.26 1.22  1.06    311.88  280 12.3    10.95    0.02  1 0.13 RS  
5291028971393876992 ASAS J075801-6014.8          372914154 119.50557 -60.24685 1614 11.32 1.49  0.87    722.9   330 40.94   28.13    0.02 10 0.49 RS  
3083959008712998272 GSC 04833-01331               25996780 119.6213   -0.32279 1308 11.67 1.17  1.03    978.25  391 26.68   29.38    0.12  2 0.08 RS  
3084276939372682240 ZTF J075832.22+001847.0      321152092 119.63428   0.31307 1509 15.5  1.6   1.06    381.48  333 10.78  244.17    0.03  1 0.08 SSG 
 922545677962459904 IL Lyn                       141098654 119.68882  42.18927  639 12.06 1.13  0.98    432.99  253  6.11    5.97    0.07  1 0.12 RS  
3068089482512577152 Gaia DR2 3068089482512577152  26044217 119.77267  -5.69558 1172 14.26 1.36  0.96    414.61  461  6.8    64.46    0.13  2 0.2  RS  
3151050521044998912 CSS_J075928.7+115840          19064752 119.86979  11.97786 1782 13.46 1.17  1.15    421.12  325  2.68   36.15    0.02  1 0.06 RS  
 919342633088051840 CSS_J075958.1+374816         333791929 119.99246  37.80444 1615 14.43 1.41  0.97    227.63  249 20.62   18.77    0.06  1 0.14 SSG 
 877955469230883328 CSS_J080050.2+312115         361982024 120.20954  31.35417 1714 15.06 1.27  0.99    303.33  304  9.47   87.57    0.04  1 0.15 RS  
 921057046593610240 ZTF J080232.00+390740.9      332210578 120.63335  39.12803 1390 14.12 1.1   1.07    278.08  248 13.19   13.83    0.04  1 0.13 RS  
1081565094046074624 AE Lyn                        80882380 120.64908  57.27364  100  6.33 0.82  1.28   1724.98  309 10.1    37.53    0.01  1 0.1  RS  
 936457665445032576 ZALD 35                      252977547 121.03796  53.2785   437  9.91 1.36  1.33   1031.73  323 28.11   11.42    0.01  1 0.11 RS  
 876441677940655872 CSS_J080456.3+293313         126220023 121.23463  29.55375  817 13.44 1.12  1.25    489.77  317 11.98   12.51    0.08  1 0.14 RS  
3097712834024172160 ZTF J080542.45+070742.0      443855137 121.42689   7.12834 1575 14.07 1.26  0.98    359.27  381  4.61   63.39    0.1   2 0.07 RS  
 668960299023416960 CSS_J080627.1+181054         386828574 121.613    18.18186 1202 13.77 1.23  0.99    286.12  299  0.13 -999.0  -999.0   0 0.14 RS  
 935364510369518080 ZTF J080700.95+505031.5      252983441 121.75397  50.84209 1575 14.51 1.24  1.0     434.62  433 12.5    11.42    0.07  1 0.18 RS  
5274324915866445568 ASAS J080715-6712.3          306826020 121.81379 -67.205    782 10.52 1.46  1.06    542.63  282 27.71   31.07    0.13 16 0.46 RS  
 876127187552032000 KL Cnc                        95661425 121.96096  28.35219  457 11.54 1.3   0.95    789.92  325  3.89 -999.0  -999.0   0 0.1  RS  
3095035351413421952 CSS_J080752.1+051532              -999 121.96746   5.25889 1827 14.54 1.17  1.03    444.18  403  0.93   13.44    0.08  2 0.08 RS  
3095841774471603328 ZTF J080821.00+055212.5      443897682 122.08754   5.87016 1383 14.28 1.3   1.01    439.12  443 19.67   19.09    0.14  2 0.08 RS  
 683884863700181120 KN Cnc                        97256412 122.64687  27.82447  456 11.54 1.42  0.98    696.19  303 17.74 -999.0  -999.0   0 0.08 SSG 
 906058127442277248 CSS_J081117.6+360733          16773462 122.82362  36.12606  683 13.18 1.43  1.34    474.02  270  3.29    3.28    0.04  1 0.14 SSG 
 921797361516500096 ZTF J081155.08+415751.6      192969142 122.97953  41.96436 1738 14.17 1.23  1.28    365.79  228  9.88   10.1     0.11  1 0.12 RS  
3089785286467686144 V0564 Hya                    453010111 122.98329   1.12617  690 11.76 1.32  0.97    508.07  271 37.81  136.7     0.04  2 0.09 RS  
 653726874659433472 ZTF J081207.54+135540.1       27626440 123.03144  13.92782 1918 14.98 1.19  1.19    470.63  327  9.43 -999.0  -999.0   0 0.08 RS  
 684538592082012160 ZTF J081506.76+294225.3       97383983 123.7782   29.70703 1749 15.01 1.23  0.99    267.59  273  3.92 -999.0  -999.0   0 0.1  RS  
 655828900372514688 ASAS J081513+1644.6           27681485 123.80403  16.74485 1268 11.2  1.33  0.88    637.89  285 36.33 -999.0  -999.0   0 0.09 RS  
 676014181511336192 ZTF J081647.55+212720.8       82354562 124.19813  21.4558  1665 14.78 1.12  0.98    294.9   307 12.77 -999.0  -999.0   0 0.1  RS  
 682561223498419968 ZTF J081658.68+261405.7       97415145 124.2445   26.23492 1973 15.5  1.33  1.06    322.56  284 10.57 -999.0  -999.0   0 0.1  SSG 
3097200805201566720 ASAS J081712+0736.3          458590084 124.30092   7.60456 1865 10.96 1.41  1.01    578.51  271 54.45  134.74    0.09  2 0.06 RS  
 683288516080427264 ZTF J082023.96+273147.3      302204505 125.09984  27.52982 1326 14.05 1.32  0.99    284.15  298  9.27 -999.0  -999.0   0 0.08 RS  
 707471754641398144 CSS_J082235.4+285518         302242585 125.64767  28.92189  776 12.46 1.45  1.07    448.36  293  8.83 -999.0  -999.0   0 0.09 SSG 
3077131930559767936 ZTF J082256.16-003531.5      178736281 125.73401  -0.5921  1932 15.06 1.3   1.0     346.79  349 17.05   19.47    0.08  1 0.12 RS  
 904265992208905728 CSS_J082322.7+352404         172826276 125.84471  35.40125 1663 15.15 1.35  1.0     290.38  287  4.74 -999.0  -999.0   0 0.17 SSG 
5269986960239392640 ASAS J082401-6941.7          307436177 126.00546 -69.69486  655  8.83 1.3   1.05    603.94  289 40.0    32.44    0.02 10 0.4  RS  
1089925157692127104 ZALD J08241664+6105389       458415915 126.06933  61.09414  828 10.23 1.47  0.98    792.65  440 27.47   13.83    0.04  1 0.24 RS  
1034909860741847808 2MASS J08242236+5734176       81163478 126.0931   57.57155 1324 14.51 1.44  1.04    488.51  456  2.96    2.95    0.3   1 0.31 SSG 
 677876960367321088 ZTF J082512.91+224035.1       14604094 126.3038   22.67642 1519 14.46 1.32  1.0     337.85  338 13.61 -999.0  -999.0   0 0.12 RS  
5273149812814876672 ASAS J082709-6504.7          309857357 126.78987 -65.07853  126  9.29 1.49  1.21    883.38  343  4.44    4.42    0.08  6 0.45 RS  
 914771516574592896 FM Lyn                            -999 126.80683  41.47572  442 10.24 1.38  1.06   1022.99  395 17.61   15.45    0.07  1 0.1  RS  
 904833889964492032 ZTF J082849.93+370057.4      307795409 127.20806  37.01597 1220 14.57 1.45  0.98    268.69  281  9.82 -999.0  -999.0   0 0.1  SSG 
 595725295534806912 CSS_J083058.5+064644         366574420 127.74413   6.77892 1849 14.88 1.34  1.0     291.25  288 10.61  253.06    0.09  1 0.09 SSG 
 708181768570906240 CSS_J083108.3+310838         172843189 127.78488  31.14411 1092 14.26 1.47  0.95    292.44  336  5.16 -999.0  -999.0   0 0.15 SSG 
3073073156400935168 CSS_J083312.8-013203         121235221 128.30358  -1.53419 1810 14.59 1.15  0.95    345.74  383  8.09    5.96    0.09  2 0.1  RS  
1026947128813868288 ZTF J083322.69+492045.3      157252247 128.34458  49.34592  516 12.71 1.38  0.96    429.25  343  4.17    4.17    0.06  1 0.1  SSG 
 601628234162151936 ZTF J083526.66+110419.9      468983785 128.8611   11.07221 1190 14.13 1.42  1.02    301.76  303  5.83    5.92    0.1   2 0.09 SSG 
1041494561004002688 ZTF J083559.52+592640.2      445033196 128.99802  59.44451 1438 13.87 1.23  1.03    518.26  495  8.41    8.47    0.07  1 0.14 RS  
 659215911582235648 KP 201594                     21247020 129.32783  17.04806 1574 12.96 1.31  1.21    746.05  287 71.67 -999.0  -999.0   0 0.08 RS  
 603458921022437760 CSS_J083845.8+141031          21277057 129.69092  14.17547 1976 14.88 1.17  1.03    280.61  264 15.11 -999.0  -999.0   0 0.1  RS  
 709537810006379392 CSS_J083946.1+311904         332111078 129.94221  31.31781 1243 13.91 1.23  0.99    494.87  513  7.11    7.19    0.27  1 0.12 RS  
3080159199604091648 CSS_J084038.0+035229         432208845 130.1585    3.87497  773 13.13 1.33  0.94    395.01  437 24.68   12.43    0.17  2 0.08 SSG 
 601814773181311488 ZTF J084232.10+110722.1      396742842 130.63379  11.12281 1060 14.51 1.41  2.28   1945.22  380  2.03    2.02    0.04  2 0.1  cut 
5747276956334216064 ZTF J084325.46-121610.3      289335110 130.8561  -12.26953 1734 15.45 1.52  0.99    329.7   332  3.45    3.44    0.4   2 0.16 SSG 
 709937826080574336 CSS_J084341.6+320513         165857067 130.92358  32.08719 1719 14.48 1.18  1.02    409.74  398  5.01    4.97    0.15  1 0.1  RS  
3074895631283730816 CSS_J084417.0-003114           1536448 131.071    -0.52064 1344 14.32 1.4   0.98    366.87  385  7.21   13.66    0.21  1 0.11 SSG 
 910777540586536832 CSS_J084438.5+393906          67587376 131.16042  39.65181 1225 14.52 1.34  1.01    305.99  302  5.09    2.55    0.12  1 0.1  SSG 
3074013067044033920 ZTF J084525.63-012519.5        1645314 131.35683  -1.42209 1515 14.03 1.22  0.99    328.13  342  7.54  249.65    0.03  2 0.09 RS  
 595186878433890944 ZTF J084539.24+064814.4      443999133 131.41353   6.80402 1165 13.48 1.28  0.95    430.13  486 15.99   16.87    0.11  1 0.12 RS  
 917235350333711232 CSS_J084704.9+445925         117920722 131.77067  44.99028  961 13.86 1.37  1.06    350.66  324  8.37 -999.0  -999.0   0 0.08 SSG 
1013346788454541312 Gaia DR2 1013346788454541312  21498529 132.36161  45.51357 1085 14.21 1.47  0.97    256.35  283  5.52    7.8     0.11  1 0.08 SSG 
5642611730074967040 EE Pyx                            -999 132.58133 -28.94411  757  9.9  1.35  1.08   1828.91  730 32.64   41.63    0.18  1 0.36 RS  
 604972089540120832 AG Cnc                        46305337 132.85533  12.04903  866 13.39 1.28  1.01    398.16  393  2.83 -999.0  -999.0   0 0.09 RS  
 705062454084270464 CSS_J085202.5+284637         355124971 133.01054  28.777   1579 13.76 1.28  0.94    338.96  389  4.4   273.12    0.03  1 0.08 RS  
 692928003241491200 CSS_J085253.9+275021         126235246 133.22463  27.83917 1941 14.49 1.11  1.07    609.54  525 27.51   19.51    0.04  1 0.1  RS  
 611706701339618816 CSS_J085258.9+165751          46362806 133.24542  16.96436 1441 14.71 1.23  1.06    522.12  460 12.59 -999.0  -999.0   0 0.06 RS  
5761980725332338944 CSS_J085408.4-033409          62570187 133.53529  -3.56917 1357 14.35 1.27  1.01    318.52  314 12.59  132.69    0.05  2 0.05 RS  
 712836516688390144 HAT-224-0007605              166492931 134.25797  32.15297 1299 14.36 1.45  0.96    294.65  331  7.66    7.59    0.2   1 0.08 SSG 
 576576377118644736 CSS_J090038.6+004908         270457105 135.16088   0.81894 1390 13.62 1.32  1.08    362.33  320  4.85    4.95    0.08  2 0.1  RS  
 693109388299433984 MV Cnc                       332110299 135.1766   28.29205  564 11.2  1.23  1.17   1849.71  450  6.26    3.18    0.05  1 0.08 RS  
 610249573554425984 CSS_J090107.3+144631         437057696 135.28071  14.77547 1336 14.04 1.38  0.98    296.03  316 27.95 -999.0  -999.0   0 0.18 RS  
 591458090906310784 CSS_J090207.0+092647         323495226 135.52921   9.44653 1714 13.87 1.31  0.97    364.23  397 23.43  137.72    0.09  2 0.14 RS  
5735506134602928640 ZTF J090225.73-132519.6      308742376 135.60722 -13.42213 1739 14.71 1.41  1.03    424.43  399 16.66   16.52    0.16  2 0.18 SSG 
5763314085043112576 ZTF J090253.37-020820.3      149851485 135.72238  -2.139   1520 12.07 1.27  1.8    1574.43  299 21.23   23.01    0.22  1 0.05 cut 
5223831596709268224 ASAS J090257-6801.4          302854176 135.73789 -68.02185  855 10.98 1.18  0.9     571.38  298 17.12   16.76    0.17  4 0.3  RS  
5757437057954647424 CSS_J090257.3-062302          95786492 135.739    -6.38406 1966 15.54 1.5   1.06    390.35  346  1.35   24.62    0.03  1 0.12 SSG 
 584183485754518016 UX Cnc                       323568230 135.87302   7.59381 1491 11.55 1.26  1.39   2440.62  475 42.4    52.54    0.11  2 0.14 RS  
 607373663452712320 CSS_J090346.8+150516         330623017 135.94508  15.08797 1889 15.03 1.29  1.02    512.51  486  6.71 -999.0  -999.0   0 0.09 RS  
 604443701187446784 LR Cnc                       330622222 135.94875  12.30731  522 11.94 1.26  1.06    800.75  394  5.17 -999.0  -999.0   0 0.06 RS  
 604071555157004416 CSS_J090456.0+111419         323596412 136.23338  11.23875 1493 15.15 1.52  1.02    398.1   382  4.68 -999.0  -999.0   0 0.07 SSG 
 591211564078882176 ASAS J090535+0915.1          323597365 136.39801   9.25342  551 12.59 1.31  1.04    781.99  519  3.55    3.54    0.1   2 0.14 RS  
 715863334759918976 CSS_J090704.1+365731          16150504 136.76729  36.95872  878 14.45 1.54  0.96    307.45  346 15.88   17.07    0.04  1 0.06 SSG 
 816739094201996928 MY Lyn                        39713867 136.87192  42.46819  498 11.8  1.18  1.56   1714.97  338 24.7    22.76    0.07  1 0.05 cut 
 815491526461879296 ZTF J090843.16+401425.5       16152441 137.17985  40.24042  986 13.87 1.27  1.01    343.09  341 22.95  273.12    0.04  1 0.05 RS  
 715852133485183232 ZTF J090913.74+371947.9       16161760 137.30727  37.32999 1746 14.08 1.23  0.99    306.05  317  8.94    9.75    0.01  1 0.06 RS  
 692018775844248064 CSS_J090921.0+265747         284994278 137.33754  26.96319 1562 15.87 1.43  1.04    261.3   238  1.65    1.66    0.13  1 0.09 SSG 
3843582283483712256 CSS_J090933.4+010517         270691968 137.38954   1.08831 1466 14.27 1.32  1.01    239.87  238  6.31   16.97    0.07  2 0.09 RS  
 593694841154573184 CSS_J091541.0+120849         337647950 138.92083  12.14706  791 13.78 1.47  1.11    319.83  274  6.41 -999.0  -999.0   0 0.09 SSG 
 593696288558989312 ASAS J091554+1212.5          337647972 138.97492  12.20875  761 11.11 0.96  0.93    779.14  284 10.66 -999.0  -999.0   0 0.07 RS  
 632183731016879616 CSS_J091605.1+180023          86017760 139.02133  18.0065  1566 14.86 1.31  1.02    387.51  366 16.99 -999.0  -999.0   0 0.1  RS  
3845492684936888064 CSS_J091729.9+032218         290512483 139.37479   3.37189 1492 14.52 1.3   0.99    232.77  237  0.42  246.25    0.25  1 0.1  RS  
 587083378953094784 ASAS J091750+0756.9          312023648 139.46179   7.94608  197  6.85 1.07  1.14    880.57  258 74.9    15.36    0.01  1 0.09 RS  
 594209279453058304 ZTF J092024.40+125855.0       55287445 140.10169  12.98196 1418 13.21 1.17  1.0     271.89  266  9.66 -999.0  -999.0   0 0.07 RS  
 812437319381558528 NSV 18175                    156806096 140.31458  39.66639  174  6.43 1.13  1.18   2014.86  475 24.3    18.21    0.02  1 0.04 RS  
 586026881422197248 HT Leo                       312110998 140.52121   7.0005   483 11.88 1.13  0.89    413.74  256  1.72    1.72    0.12  1 0.13 RS  
5737644959596666880 V0414 Hya                    334512052 140.72358 -13.82253  235  8.43 1.31  1.64   1759.45  330 18.76   13.42    0.08  2 0.12 cut 
1130756694517531648 ZALD J09241546+7632555       198082330 141.06442  76.54875 1492 11.23 1.32  0.96   1137.84  410 27.25   17.74    0.02  3 0.07 RS  
 585720293772621440 ZTF J092456.33+060825.0      312188550 141.23475   6.14029 1803 15.3  1.35  0.96    333.4   355  6.04    5.86    0.14  1 0.12 SSG 
 630652248758302720 ZTF J092528.93+152022.1       55382149 141.37055  15.33949 1926 14.82 1.4   1.4     504.16  262  3.67 -999.0  -999.0   0 0.07 SSG 
1120928503674109440 ZTF J092608.78+731117.4      198083578 141.5366   73.18817 1447 15.09 1.49  0.98    394.08  404 10.02    9.93    0.13  1 0.07 SSG 
 693730608073643776 CSS_J092636.5+253925         149469503 141.65212  25.657   1021 12.64 1.15  0.96    652.37  484  2.7     1.58    0.08  1 0.07 RS  
 634010913183545856 CSS_J092700.6+191010          91894388 141.7525   19.1695  1345 13.35 1.17  0.99    441.8   457 10.56 -999.0  -999.0   0 0.11 RS  
 633056777608799872 CSS_J093011.0+175118         192981275 142.54621  17.85519 1759 13.1  1.16  1.06    341.86  289 24.8  -999.0  -999.0   0 0.08 RS  
 589748801297449344 ZTF J093107.39+104940.5      406140151 142.7808   10.82792 1653 13.85 1.04  1.02    485.79  473  5.21 -999.0  -999.0   0 0.09 RS  
 811353892407658752 ZZ LMi                       416858140 142.80283  38.04186  347 11.88 1.37  1.16    822.33  351  5.5     5.46    0.12  1 0.04 SSG 
3851860880191111808 CSS_J093125.1+043214         275133248 142.85471   4.53728  954 13.04 1.33  1.41    689.9   312  8.1    30.78    0.22  1 0.14 cut 
3825642823563843328 CSS_J093138.5-031836          62684546 142.91071  -3.31022 1639 14.79 1.51  1.0     387.09  389  5.14    5.1     0.26  1 0.12 SSG 
1026736915934579200 ZTF J093642.74+594315.6      459787580 144.17809  59.72101 1234 13.15 0.99  0.91    552.44  629 19.29   18.21    0.04  1 0.05 RS  
 800597095276090752 ZTF J093902.91+375508.2       17144101 144.76215  37.91895 1793 14.32 1.05  1.26    766.9   486  5.71    5.69    0.04  1 0.05 RS  
 797731523158972416 ZTF J093912.50+344538.9      155207377 144.8021   34.76081  551 11.96 1.19  1.22   1242.92  475  2.98    2.97    0.21  1 0.03 RS  
 793977382442200064 ZTF J094054.35+324036.8      407581824 145.2265   32.6769  1499 13.86 1.2   1.14    664.29  515  8.17 -999.0  -999.0   0 0.05 RS  
 824813357840532480 V0450 UMa                     20162170 145.52163  47.36764  658  9.99 1.24  1.17   1057.44  420 40.7    54.62    0.09  1 0.03 RS  
3854548224048893696 CSS_J094512.8+073729         418147498 146.30346   7.62475 1403 13.65 1.31  1.32    460.86  271 11.91 -999.0  -999.0   0 0.07 RS  
1020527733254596736 CSS_J094521.8+532057         453427205 146.34108  53.34928  946 13.33 1.12  1.34   1267.89  708  5.37    5.36    0.11  1 0.03 RS  
3834107997945611264 CSS_J094740.9+002829         455279631 146.92054   0.47475  973 13.84 1.32  1.13    263.61  212  3.39    3.38    0.09  2 0.36 RS  
3850420004563149312 CSS_J095254.6+061146         377064499 148.22754   6.19611 1920 15.6  1.28  1.06    287.68  254  0.26   57.02    0.56  2 0.1  RS  
 616739166059083392 CSS_J095315.7+152655         337696053 148.31546  15.44867 1347 14.32 1.31  1.91    851.36  238  2.02 -999.0  -999.0   0 0.09 cut 
5664027326062255872 ASAS J095600-2201.1          101416240 148.999   -22.01914 1177 11.67 1.14  1.12    792.9   263 41.57   24.98    0.03  3 0.12 RS  
3770044879938396544 2MASS J09563060-1000154       33256884 149.12754 -10.0043  1052 12.96 1.16  1.13    525.58  222  3.12  248.02    0.1   2 0.15 RS  
 627872855161638912 CSS_J100020.2+203800          26973154 150.08429  20.63333 1341 14.29 1.31  1.03    219.83  213  5.13    2.55    0.09  1 0.07 RS  
1127566564608116608 ZALD J10014786+7629470       142739810 150.44942  76.49639 1697 11.44 1.39  0.96   1135.93  425 41.74   20.69    0.02  3 0.1  RS  
3881207502667110144 ZTF J100241.37+115858.2      411101608 150.67239  11.98284 1981 14.54 1.16  0.99    260.05  268 20.36 -999.0  -999.0   0 0.1  RS  
3875222306825444480 CSS_J100821.1+084332         389245323 152.088     8.72575  992 12.78 1.05  1.1     330.13  184  5.3  -999.0  -999.0   0 0.08 RS  
3874011881962353152 ZTF J100842.28+065730.3      411155687 152.17619   6.95842  744 13.08 1.36  1.4     306.7   160  5.39 -999.0  -999.0   0 0.05 SSG 
3768672693722590080 ZTF J101034.55-095955.5       26207341 152.64396  -9.99877  990 13.44 1.24  1.01    201.25  202 15.73   21.12    0.12  2 0.15 RS  
 628448277700651008 CSS_J101122.4+204230          27109476 152.84342  20.70836 1440 13.72 1.02  1.15    339.02  262 18.2  -999.0  -999.0   0 0.08 RS  
3880838822674190720 EQ Leo                        61047290 153.3495   12.14606  504  9.06 1.36  1.13    325.39  142 34.11 -999.0  -999.0   0 0.1  RS  
1045534132363083904 ZTF J101342.67+571445.2      137959094 153.42782  57.24591  647 12.44 1.05  0.89    502.23  427 16.93   17.07    0.05  1 0.02 RS  
1131426022220119296 ZTF J101636.92+784913.5      341615262 154.15386  78.82044 1496 12.76 0.8   0.97    481.94  338  0.88    0.88    0.05  4 0.06 RS  
3780347789222513024 NSVS 13039638                 62845051 154.67421  -3.69103  727 13.6  1.51  1.85    476.16  149  4.12    4.1     0.14  2 0.11 cut 
5365266381602474880 V0544 Vel                    220086161 154.73296 -48.42061  327  9.65 1.28  1.04    697.73  366  9.12    9.1     0.12  2 0.41 RS  
1051738745198421248 ZTF J101916.27+612814.1      287255488 154.81783  61.47059  690 12.79 1.12  0.99    875.19  592  3.95    3.96    0.06  1 0.02 RS  
5445339552837499008 CK Ant                        73542501 155.09067 -36.20372  322  8.0  1.22  1.32   1188.72  335 29.83   19.23    0.08  2 0.22 RS  
 834590490112062592 ZTF J102049.42+475259.4      150228602 155.20593  47.88319  942 14.6  1.35 11.84  55304.97  394  2.73    2.73    0.04  1 0.02 cut 
1048662861419934848 FG UMa                       287270535 155.44775  60.91283  203  7.27 1.27  1.72   4137.84  609 21.7    21.01    0.06  1 0.02 cut 
5417525997464159104 CL Ant                        73722514 155.62679 -39.83722  396  8.33 1.41  1.54   3763.53  802 49.9    43.68    0.04  2 0.34 cut 
3890959552329818752 CSS_J102618.9+183510         171580425 156.57875  18.58631 1399 14.45 1.33  0.97    277.61  297  7.86 -999.0  -999.0   0 0.06 SSG 
 755517221614519808 AD LMi                         8198488 156.59483  37.75358  186  9.44 1.27  1.41   2056.21  593 17.8    19.51    0.09  1 0.03 cut 
5461400909457275136 ASAS J102640-3000.0           71717209 156.66842 -30.00044  824 11.25 1.29  1.28   2975.02  611 27.29   27.0     0.14  2 0.15 RS  
3782911193208142720 BC Sex                         8002144 157.51112  -0.79219  479 11.57 1.15  1.12    533.53  150 15.37   16.65    0.04  1 0.17 RS  
5441212467222721152 CM Ant                       106087718 158.04246 -39.09625  245  8.94 1.24  1.82   3241.07  519 61.11   36.4     0.07  2 0.2  cut 
5229184599128594560 GSC 09219-01945              453733382 158.20612 -73.08678  685 11.58 1.41  0.83    538.54  342 61.9    54.1     0.08  2 0.47 RS  
3883990018703753344 ZTF J103303.83+131300.3       63308201 158.26596  13.21677 1205 13.67 1.32  1.16    169.11  131 10.46 -999.0  -999.0   0 0.08 RS  
 780333675795064960 V0376 UMa                     16849377 158.57487  41.01782  519 12.31 1.24  1.15    673.52  348  6.37    6.35    0.15  1 0.04 RS  
 748232647842794752 ZTF J103418.19+315203.3      241264448 158.57581  31.86761 1072 14.0  1.24  1.03    276.63  267 15.24 -999.0  -999.0   0 0.06 RS  
 847500680768187776 V0340 UMa                    311567822 158.66496  51.65572  293 10.66 1.26  1.14   1318.12  573 12.11   11.88    0.12  1 0.05 RS  
 724444095300650112 ZTF J103700.01+252752.5      165408837 159.25006  25.4646   838 13.71 1.19  0.98    253.64  273 11.95 -999.0  -999.0   0 0.06 RS  
3870798116849320576 CSS_J103908.6+112751         393485022 159.78621  11.46425 1002 14.58 1.58  1.07    201.34  186  8.17 -999.0  -999.0   0 0.09 SSG 
3884704946075965696 IN Leo                       386938895 159.99583  13.45611  234 10.0  1.23  1.27    474.07  160  6.22 -999.0  -999.0   0 0.11 RS  
3781524472822736640 CSS_J104011.7-022408          62847666 160.04875  -2.40228 1657 15.51 1.49  0.95    166.51  186  8.21    8.23    0.09  2 0.16 SSG 
1059514319631265152 ZTF J104108.41+653605.1      149915584 160.28508  65.60143  624 12.86 1.44  1.22   1152.22  502 13.99   13.66    0.1   1 0.05 SSG 
3869127443290440832 ZTF J104127.47+091406.8      393494372 160.36448   9.23523 1902 15.3  1.24  1.11    235.99  188  7.34 -999.0  -999.0   0 0.08 RS  
 779130127174163200 ZTF J104130.25+385904.6       17260015 160.37606  38.98463 1268 13.56 1.29  1.02    287.76  284  0.95   18.21    0.18  1 0.04 RS  
3859083885606770304 ZTF J104234.10+052550.9      374339907 160.6421    5.43081 1872 14.92 1.3   0.89    145.51  183 16.67 -999.0  -999.0   0 0.06 RS  
 854115342720715776 ZTF J104527.27+570131.6      274271065 161.36363  57.02547 1448 14.72 1.47  1.03    689.21  647  2.7     1.35    0.04  1 0.02 SSG 
 730789376904481408 AH LMi                       229651669 161.48633  26.49958  595 11.83 1.13  1.04    584.52  263  2.51    1.26    0.06  1 0.09 RS  
3869713139390418176 CSS_J104711.8+104050         393561098 161.79954  10.68072 1186 14.41 1.18  1.0     199.73  201  3.93 -999.0  -999.0   0 0.09 RS  
3808173679742261632 ZTF J104813.90+011834.4      281705653 162.05794   1.30958 1733 15.64 1.36  1.0     184.31  184  5.72 -999.0  -999.0   0 0.13 SSG 
 737514574135581440 ZTF J104837.81+320704.0      356672814 162.15756  32.1178  1852 13.24 1.2  18.94  93105.73  248  8.17 -999.0  -999.0   0 0.08 cut 
1078316243344187264 ZTF J104841.49+741546.6      142492573 162.17289  74.26295 1016 14.55 1.54  1.22    599.72  413 15.21   15.45    0.08  3 0.26 SSG 
3758090547140255616 CSS_J105030.7-102916          55147740 162.62804 -10.48789 1685 14.87 1.4   0.9     116.9   148  8.71    8.62    0.15  2 0.09 SSG 
 775157243770309760 AK LMi                         8293592 163.27075  38.22594  303 10.82 1.24  1.2     735.39  268  9.77 -999.0  -999.0   0 0.04 RS  
3864520107317266560 CSS_J105319.8+061113         364961348 163.33262   6.18714 1149 13.39 1.11  0.89    141.96  182 12.92 -999.0  -999.0   0 0.1  RS  
3815916848646502400 IW Leo                       277937327 164.83379   4.88817  457 12.06 1.41  1.18    473.57  219  8.76 -999.0  -999.0   0 0.12 SSG 
 833146178509865856 ZTF J110423.55+505341.5      318358441 166.09816  50.89488 1132 13.86 1.41  1.07    496.89  447  4.03   68.28    0.09  1 0.02 SSG 
1132864492667140736 ZTF J110432.83+795835.4      156103402 166.13683  79.9765   699 13.43 1.37  0.96    342.6   379  1.64    1.64    0.04  4 0.13 SSG 
1074394697685039104 V0344 UMa                         -999 166.66263  70.30725  239  9.81 1.0   1.01    764.1   371  9.06    4.48    0.03  3 0.06 RS  
 842690592274696576 ZTF J111009.78+533931.6      371547466 167.54077  53.6588  1328 13.65 0.99  1.1     650.38  540  7.29    7.19    0.03  1 0.03 RS  
 732457404763596160 ZTF J111010.59+292108.3      138772479 167.54416  29.35233  916 13.43 1.3   1.25    382.29  251 10.76  271.46    0.03  1 0.06 RS  
5400500644021610624 ASAS J111022-3557.3           23329269 167.59175 -35.95453 1150 11.56 1.35  1.22   1478.86  393 33.85   35.6     0.1   3 0.23 RS  
 765345000140899584 V0391 UMa                     39139644 168.10658  39.84906  429 11.21 1.43  1.18   1128.29  286  5.25    5.22    0.05  1 0.05 SSG 
1128329728757083648 ZTF J111310.06+763650.1      142588933 168.29193  76.61394  584 12.97 1.32  1.03    598.71  311  4.48    4.47    0.08  3 0.11 SSG 
 861246912577399296 ZTF J111554.94+610103.3       99905447 168.97894  61.01761 1905 14.56 1.17  1.04    470.68  436 14.32   14.38    0.07  3 0.03 RS  
3966872068494672000 ZTF J111950.93+142322.0      335791575 169.96224  14.38945  977 14.31 1.46  1.06    196.74  183  4.76    4.76    0.42  1 0.06 SSG 
 844293027392692096 ZTF J112248.74+560536.7      284556305 170.70312  56.09353 1220 13.6  1.41  1.01    560.54  561  0.91   10.5     0.08  3 0.03 SSG 
4023767259746240768 CSS_J112254.9+312108         144311892 170.72908  31.35242 1239 14.48 1.16  1.0     255.13  257  2.66    1.33    0.05  1 0.05 RS  
3980294391050065664 CSS_J113334.4+220600         119558428 173.39333  22.1     1262 14.37 1.26  0.99    194.47  192  4.99  271.46    0.25  1 0.05 RS  
3910734887431083904 OS Leo                       388842802 173.40416   7.85803  298 11.01 1.26  1.22    782.09  221  5.71 -999.0  -999.0   0 0.12 RS  
4025951267796198784 CSS_J113447.8+335231         101625030 173.6995   33.8755  1457 14.15 1.24  0.99    263.35  251  8.28    8.48    0.04  1 0.06 RS  
4024093745980236672 CSS_J113707.5+310635          82310655 174.2815   31.10997 1971 14.92 1.26  1.02    319.96  304  1.16   15.96    0.05  1 0.06 RS  
5384525839580589440 V0829 Cen                    181227705 174.84267 -39.38544  146  7.34 1.15  1.05   1744.77  698 11.79   12.23    0.03  2 0.36 RS  
4004919878100110720 ZTF J114030.76+235933.9      165468963 175.1282   23.99276 1711 15.04 1.39  1.09    217.67  187  9.02    9.05    0.04  1 0.06 SSG 
 790599854521430656 ZTF J114107.96+493417.4      459792671 175.2832   49.57151 1498 14.31 1.21  1.05    741.08  674 16.82   16.97    0.18  1 0.05 RS  
4004885655800704896 HL Leo                       138822719 175.94604  24.01033  241  7.1  1.07  1.08    621.55  220 31.89  271.46    0.02  1 0.09 RS  
 863106873934915200 TYC 4156-1375-1                   -999 176.09954  62.96942  680 12.17 1.27  1.16    883.8   408 30.4    26.81    0.16  3 0.04 RS  
 791350717883920768 GSC 03454-00008              417115612 177.43825  51.55136  661 13.06 1.36  1.08   1475.83  955 10.02   10.08    0.24  2 0.05 SSG 
 792208435738219904 ZTF J115121.94+523739.6      417117545 177.84144  52.62767  935 15.02 1.49 11.52 105396.93  786  1.42   60.6     0.04  2 0.05 cut 
3599076254954040448 ZTF J115410.25-045602.7      421193467 178.54273  -4.93409 1461 15.22 1.49  1.03    336.47  314  4.66 -999.0  -999.0   0 0.08 SSG 
4031534003726701312 ZTF J115736.09+355145.3       99301624 179.40038  35.86261  828 13.07 1.36  1.07    339.12  277  9.25    9.36    0.07  1 0.06 SSG 
3466031362263990912 V0597 Hya                    142135390 179.45313 -33.59814 1178 10.48 1.4   1.17    792.21  326 56.9   262.08    0.01  1 0.24 RS  
5377913685890701952 V1376 Cen                    389210351 179.59712 -45.95876  494 11.41 1.46  1.0    1253.39  450  8.87    8.74    0.31  1 0.29 RS  
1582997852929561600 ZTF J120224.21+625527.0      157327106 180.60089  62.92419  465 12.45 1.33  1.05    582.12  379  4.5     4.48    0.13  3 0.07 SSG 
1683510704814985856 MX Dra                            -999 183.06292  68.88328  203 10.24 1.45  1.02    806.09  348  6.4     6.38    0.23  3 0.05 SSG 
1572902893078585728 ZTF J121222.44+531141.7       53578696 183.09352  53.19492  906 13.61 1.1   1.02    595.42  577 16.21   33.9     0.03  2 0.06 RS  
1536199751832811648 CSS_J121303.1+410303           9455474 183.26296  41.05083 1719 13.48 1.17  0.89    391.17  501  1.99    3.99    0.12  1 0.05 RS  
3582095053777917952 HU Vir                       176910158 183.33621  -9.07969  148  8.91 1.43  3.94   5534.5   196 10.39    5.12    0.08  1 0.11 cut 
1690218825255945216 DK Dra                       415030187 183.92288  72.55119  149  5.87 1.33  1.06   1103.22  232 63.15   32.81    0.02  2 0.04 RS  
3596302668154124544 ASAS J121553-0609.6          176942274 183.96983  -6.16042  137  7.37 1.1  14.65 193790.42  396 83.6  -999.0  -999.0   0 0.14 cut 
3946404900061998464 ZTF J121624.52+163657.7      335873737 184.10218  16.61605 1089 13.63 1.03  0.95    276.57  310  7.61 -999.0  -999.0   0 0.08 RS  
4002055684669356416 ZTF J121854.88+235216.6      328861215 184.72868  23.87128 1960 14.14 1.16  1.07    257.65  229 11.78   11.8     0.1   1 0.05 RS  
3947234928261838720 FN Com                       135085696 184.77688  18.35589  242 10.75 1.42  1.16    656.76  283  5.66    5.66    0.2   1 0.09 SSG 
4002212433795789952 ZTF J122012.09+244054.0      328863019 185.05039  24.68167 1135 13.55 1.05  1.03    288.2   272  8.4     8.23    0.06  1 0.07 RS  
1544750550683288832 EP CVn                       284569585 185.78629  45.46511  237 10.94 1.32  1.82   4491.67  602 11.8    11.8     0.07  1 0.03 cut 
3701511568560550400 ZTF J122310.14+031237.2      377229391 185.79228   3.21036 1513 14.44 1.43  1.01    260.06  262  6.66 -999.0  -999.0   0 0.05 SSG 
1535585949466493568 CSS_J122339.9+440642         284569404 185.91629  44.11169  873 13.44 1.23  0.93    277.52  321  8.08 -999.0  -999.0   0 0.03 RS  
3948844682004199296 ZTF J122439.58+191844.0      135140995 186.16492  19.31225 1161 14.75 1.51 10.62  38064.2   340  0.74 -999.0  -999.0   0 0.09 cut 
1541665664653439232 ZTF J122804.84+444128.3      157968688 187.02017  44.69122 1001 13.85 1.21  4.07  11334.32  696  6.77 -999.0  -999.0   0 0.05 cut 
1680848855883397632 ZTF J123038.11+664749.0      148915889 187.65883  66.79695  805 13.48 1.34  1.05    379.17  353 10.94   22.22    0.05  4 0.04 SSG 
3960908626663134848 ZTF J123335.56+270247.8      406754746 188.39818  27.04662  949 13.73 1.32  1.04    406.6   385 19.59    8.76    0.02  1 0.04 SSG 
3931907289493655040 PW Com                        87552059 188.98921  13.49036  206  9.87 1.28  1.12    441.58  196  4.53    4.63    0.06  1 0.1  RS  
3903466806333755776 ZTF J123921.35+102340.8      399120783 189.83896  10.39467 1102 14.28 1.4   1.0     187.39  195  3.48   16.18    0.07  1 0.06 SSG 
1520484187323263488 ET CVn                       389841292 190.86667  37.96006  381 10.72 1.2   1.01    600.9   328 11.03   11.31    0.1   1 0.04 RS  
3963152214500028160 ZTF J124415.07+293832.5      373707974 191.0628   29.64238 1730 15.27 1.32  1.06    368.26  323  0.83    5.03    0.09  1 0.05 SSG 
3702428011502642432 ZTF J124747.18+014740.8      380675868 191.94659   1.79467 1866 14.94 1.08  1.01    394.48  382 19.62   17.28    0.07  1 0.06 RS  
6132401829045472256 V1383 Cen                    398982226 191.98188 -44.95964  816 10.11 1.46  1.19    885.68  337  8.67    8.74    0.11  1 0.26 RS  
3930914980250061824 NP Com                        92083356 192.20112  14.75842  257  9.53 1.2   1.22   1258.36  489  2.46    2.44    0.06  1 0.07 RS  
1465120448266023168 ZTF J124858.18+295455.3      165733749 192.24243  29.91538 1290 14.57 1.31  0.98    291.17  305  1.74    1.74    0.1   1 0.04 SSG 
6135334638874465024 UNSW-V 436                    73714885 192.31037 -45.333    577 11.44 1.13  1.13   1397.44  331  6.98    6.92    0.05  2 0.27 RS  
1570392226995319936 ZTF J125042.87+541537.5      150364143 192.67863  54.26043 1225 14.48 1.46  1.04    482.11  456  5.64    5.48    0.03  2 0.03 SSG 
1679211545630600960 ZTF J125134.06+665532.1      341706274 192.89194  66.9256  1946 15.36 1.25  0.98    338.01  347  3.28    3.28    0.08  4 0.05 RS  
3702716530225505920 ZTF J125354.16+021723.9      397067968 193.47569   2.28998 1919 15.01 1.28  1.04    424.67  393 19.03   28.8     0.16  1 0.06 RS  
3704737707475086464 CSS_J125431.4+042408         953395322 193.63088   4.40231  965 13.21 1.31  0.96    344.94  374 19.52   18.51    0.07  1 0.1  RS  
3931119867369863680 CSS_J125731.8+145638          88121344 194.38275  14.94392 1184 14.49 1.47  1.01    404.96  401  5.18    5.18    0.27  1 0.06 SSG 
1677287950037819520 ZTF J125735.04+651732.0      142321416 194.39601  65.29224 1398 14.09 1.07  1.54    858.48  363  3.7     3.7     0.08  4 0.06 cut 
1463836768440988928 ROTSE1 J125818.06+282517.7   359123315 194.57521  28.42169  670 12.77 1.21  1.02    427.85  281  8.16    8.11    0.1   1 0.03 RS  
1515716125086658816 CC CVn                       165943952 194.74592  34.54569  660  6.88 2.51  1.03   2121.98  707 39.0    34.19    0.04  2 0.03 RS  
3692213445401051392 CSS_J125911.2+022633         411237577 194.79704   2.4425  1877 14.97 1.18  1.0     275.76  271  2.8  -999.0  -999.0   0 0.06 RS  
1529363435210173056 ZTF J130038.44+434017.2      136952097 195.1602   43.67145  526 12.74 1.26  1.0    1789.42 1231  0.9     9.05    0.03  1 0.04 RS  
3941285677002856576 ZTF J130047.56+183931.3           -999 195.19818  18.6587   643 13.31 1.38  1.02    473.57  343  3.3   259.16    0.08  1 0.07 SSG 
1557974273951797632 ZTF J130313.18+521929.2      198103446 195.80495  52.32479  662 13.32 1.34  1.01    513.73  514 10.91   11.01    0.16  2 0.04 SSG 
1461221030278712064 NT Com                       359161481 195.9415   28.62239  213 10.45 1.15  1.03   1246.35  565  3.2     3.18    0.05  1 0.03 RS  
3737715187928620032 V0445 Vir                     88219538 196.37133  12.82653  316  9.89 1.01  1.07    880.01  393  3.68 -999.0  -999.0   0 0.07 RS  
3677941161701409792 IS Vir                        82072028 196.60838  -4.84592  248  8.01 1.38  1.16    760.38  287 23.5  -999.0  -999.0   0 0.1  RS  
1460978072569145600 ZTF J130804.64+282512.7      219026559 197.01936  28.4202  1723 14.12 1.04  1.0     679.04  683 21.43   20.58    0.03  1 0.03 RS  
1524132577359081472 ZTF J130946.79+401742.8      180567608 197.44497  40.29524  966 13.16 1.0   0.95    577.26  615  9.79   12.28    0.05  2 0.04 RS  
6084991196899106176 V1265 Cen                         -999 197.72987 -48.73433  324 10.5  1.49  1.05   1051.79  416  3.54    3.51    0.13  1 0.46 RS  
1556963788406071680 ZTF J131110.35+513518.3      417934624 197.79315  51.58844 1741 14.51 1.22  1.01    428.35  427  6.65    6.66    0.06  3 0.04 RS  
3730857190308692736 V0457 Vir                    378992912 198.22325   8.39319  218  8.22 1.05  1.06    577.55  249  9.87   10.37    0.03  1 0.08 RS  
1663355900763262336 ZTF J131522.51+604941.4      142396316 198.84382  60.82819 1700 13.95 1.19  0.95    343.48  386  4.14    4.11    0.04  3 0.04 RS  
1476446929861764992 BM CVn                       180671254 200.38442  38.88042  117  7.06 1.45  1.47   4166.08  793 20.51   21.59    0.05  2 0.03 cut 
3717352915480871296 ASAS J132225+0554.4          393702167 200.60421   5.90638  808 12.14 1.3   1.3     963.76  345 16.16   16.2     0.22  1 0.1  RS  
3631127293781073408 CSS_J132312.1-073909         178971861 200.80054  -7.65262  892 14.2  1.63  1.06    338.59  313 10.73 -999.0  -999.0   0 0.1  SSG 
3637815073256914176 CSS_J132404.5-030723         114959868 201.01875  -3.12325  867 13.67 1.23  0.99    410.72  424  1.15 -999.0  -999.0   0 0.1  RS  
3638205709122491264 IN Vir                       114982307 201.10067  -2.31525  133  8.75 1.39  1.35   1148.32  330  8.13    8.1     0.07  1 0.11 SSG 
3732275182351126400 CSS_J132453.8+100952         404478885 201.22437  10.16456 1820 15.33 1.31  0.91    309.46  364  0.93 -999.0  -999.0   0 0.07 SSG 
1551108442312634368 ZTF J132535.79+462359.8      165374009 201.39916  46.39995  624 13.18 1.19  1.0     544.84  539  1.54    1.55    0.07  3 0.08 RS  
3636991676486921984 NSV 6259                     115070550 202.05537  -3.66142  951  9.91 1.35  1.91   2561.89  389 49.21 -999.0  -999.0   0 0.12 cut 
1559461397788568576 ZTF J132911.28+502640.4      165470360 202.297    50.44457  916 13.48 1.22  1.01    480.79  475 13.76   13.68    0.04  3 0.03 RS  
6083891474812040576 V1388 Cen                    438694252 202.32747 -47.38069  431 11.82 1.36  0.94    350.53  214  4.41    4.44    0.06  1 0.37 RS  
1552000799077437056 GSC 03460-00534              288420097 202.41104  47.22667 1979 15.13 1.23  0.98    506.5   519 29.0    33.99    0.02  2 0.1  RS  
1450047243360903168 CSS_J133019.7+290541         368127220 202.58213  29.09475 1568 13.73 1.4   1.02    552.4   549  3.84    3.82    0.17  1 0.02 SSG 
3745804290681454592 KT Com                        95563138 203.45929  17.42511  178  8.08 0.81  9.14  76874.3   425  4.07   86.46    0.02  1 0.06 cut 
1475118788534734592 BH CVn                        22817261 203.69921  37.18242   47  4.78 0.65  0.94  39954.73  576  2.61 -999.0  -999.0   0 0.02 cut 
1441340794896375040 IT Com                       207386347 203.78383  20.78189  156  7.37 1.31  1.16   1505.78  504 65.1    64.84    0.1   1 0.06 RS  
6188952559622396288 ASAS J133514-2655.0           58819611 203.80863 -26.9175  1368 12.34 1.31  1.13    472.57  265  3.95 -999.0  -999.0   0 0.18 RS  
1687685546169961984 PMAK V19                     298160044 203.88396  73.28714 1079 13.13 1.22  1.08    396.45  323 12.86   13.14    0.04  5 0.04 RS  
3740552855640730240 ZTF J133756.45+130404.6      171729270 204.48521  13.06795 1420 15.17 1.37  1.0     295.88  293  9.24    9.26    0.06  1 0.06 SSG 
1715297173657683200 GSC 04561-01171              284182329 205.21377  79.43197  319 11.06 1.29  1.1     990.9   318 22.01   21.89    0.05  3 0.09 RS  
6164147031840305536 V1390 Cen                    305716685 205.87962 -35.34028  394  9.04 1.33  1.04    365.89  186 27.08   14.24    0.12  1 0.15 RS  
3617002211496585856 ZTF J134830.20-101342.4      187309849 207.12584 -10.22845 1633 14.45 1.31  1.08    220.73  195 22.37 -999.0  -999.0   0 0.15 RS  
3613685122354554496 CSS_J135239.2-111420           2559944 208.16358 -11.239   1159 14.22 1.14  0.98    199.68  211  0.31 -999.0  -999.0   0 0.15 RS  
1450405374913661056 CSS_J135518.3+255712         105623148 208.82658  25.95336 1295 14.69 1.33  1.02    376.74  369 16.33   16.72    0.06  1 0.04 SSG 
1670934490816447232 CSS_J135558.9+641925         159612723 208.99575  64.32386 1766 13.93 1.16  0.93    293.99  347  1.1    23.57    0.08  4 0.05 RS  
1257953594096532480 HY Boo                       357358722 209.20496  24.49094  241 10.61 1.16  3.08  11847.62  671 12.23   12.16    0.08  1 0.04 cut 
6171047257578563456 V0988 Cen                    112077128 209.39146 -31.65297  126  9.26 1.39  1.38    550.36  167  2.48   15.03    0.08  1 0.18 SSG 
3657914553834365440 CSS_J135749.2-021111         175414628 209.45529  -2.18653  995 13.81 1.25  0.96    217.91  242  5.46 -999.0  -999.0   0 0.15 RS  
1499498122418077568 UCAC4 667-058562             198109718 209.58975  43.34953  849 12.82 1.2   1.03    899.01  550 10.87   10.7     0.16  2 0.02 RS  
1482874022002335232 ZTF J135950.48+350355.6      166673971 209.96035  35.06546 1468 14.66 1.26  1.0     693.5   689  4.78    4.78    0.15  1 0.04 RS  
3721009070816820864 CSS_J140015.8+074813         404557771 210.06592   7.80375  730 13.16 1.35  0.96    258.85  279  1.33  259.59    0.06  1 0.07 SSG 
1513099356131773312 ZTF J140144.91+532612.0           -999 210.43714  53.43668  907 13.53 1.34  1.07    539.15  378 13.25   10.55    0.03  4 0.03 SSG 
3660882174372650368 CSS_J140311.0+001412         420678401 210.79612   0.23667 1640 14.86 1.3   1.03    240.47  225 18.41 -999.0  -999.0   0 0.14 RS  
1257818251087117312 FR Boo                        28188206 210.81554  24.59747  399  7.5  1.49  1.96   3039.55  373 96.0     6.69    0.01  1 0.05 cut 
1659976998452314240 ZTF J140412.33+591513.5      441663247 211.05139  59.25377  534 12.51 1.16  1.17    826.71  407  0.86    6.04    0.06  4 0.04 RS  
1454245453633192576 CZ CVn                        43172561 211.60896  30.84647   98  7.23 1.24  5.14  22282.96  361 58.32   20.58    0.01  1 0.04 cut 
1259990817344103680 ZTF J140954.88+264829.0      418010795 212.4787   26.80806 1049 13.37 1.15  1.0     527.8   533  1.09   11.63    0.02  1 0.04 RS  
1660642477864711552 ZTF J141255.40+610653.4      166065409 213.23084  61.11486 1403 13.83 1.06  1.11    416.06  342  9.38   24.2     0.01  4 0.04 RS  
6092685716707582208 V0998 Cen                    242412119 213.5715  -47.84017  354  8.63 1.26  1.34    991.28  292 17.3     8.73    0.03  1 0.4  RS  
1232279031219489792 ZTF J141527.19+164234.7      310416444 213.86331  16.70965  686 12.9  1.21  0.88    488.91  354  1.08   11.29    0.06  1 0.06 RS  
1670104256458326912 TYC 4178-282-1               233169136 215.10954  66.75342 1328 11.61 1.24  0.98    800.8   335  5.95    5.94    0.08  3 0.05 RS  
1700071686391474176 ZTF J142056.40+745017.0      367614020 215.23502  74.83808  989 13.38 1.03  1.05    377.13  343  9.28    9.25    0.06  5 0.11 RS  
3673708973943087232 ZTF J142227.60+073812.7      421794860 215.615     7.63687  967 12.69 1.1   1.03    277.97  183  6.64 -999.0  -999.0   0 0.08 RS  
1176845949914334720 CSS_J142323.7+100714         421796670 215.84875  10.12078 1939 15.35 1.24  0.95    331.09  364  9.99 -999.0  -999.0   0 0.07 RS  
1610336414984358144 NSVS 2738335                 459244499 216.06047  55.37141  497 12.41 1.39  1.26    756.64  348  6.77    6.66    0.2   4 0.03 SSG 
1490766179027059200 KQ Boo                        27446534 216.29292  39.33353  653 12.77 1.28  1.07    995.16  600  6.37    6.34    0.09  2 0.02 RS  
1670035262103582208 ZTF J142511.30+661907.4      233172973 216.29711  66.31874 1248 13.77 1.32  1.0     353.97  363  7.06    7.2     0.03  4 0.04 RS  
3652928272897621760 CSS_J142545.3-002959         287958359 216.43913  -0.49983 1648 15.32 1.31  0.93    150.36  173  2.48 -999.0  -999.0   0 0.13 SSG 
1179205952839793664 HK Boo                       141304870 217.25492  12.12228  117  8.19 1.16  1.44   1337.46  317 17.98 -999.0  -999.0   0 0.08 cut 
1507132443966522496 GSC 03475-01111              158035786 217.30029  47.68217 1138 13.95 1.35  0.99    394.17  414 19.9    19.81    0.11  2 0.04 SSG 
3653479300021773952 CSS_J143002.2+002329         402216122 217.50937   0.3915  1118 14.38 1.34  1.05    237.26  219  6.83 -999.0  -999.0   0 0.12 SSG 
6102562629657918720 NSV 20118                    127441832 217.5431  -43.5469   405  8.58 1.27  1.14    415.32  166 53.87   15.03    0.16  1 0.47 RS  
1494123125466322560 KY Boo                       158066720 217.76667  44.07272  303 11.21 1.32  1.15   1749.47  453  6.7     6.66    0.09  1 0.03 SSG 
1284537517514584704 NSV 6697                          -999 217.95746  30.37142   50  3.16 1.47  3.24 114740.71  479  5.21 -999.0  -999.0   0 0.05 cut 
6331171609831772928 CSS_J143226.7-070729          23751682 218.11154  -7.12492 1775 15.21 1.29  1.06    270.32  238 17.32 -999.0  -999.0   0 0.18 RS  
3649078710890108032 ZTF J143312.24-031115.5      181960242 218.30101  -3.18764 1357 14.15 1.38  0.98    203.87  217  6.35 -999.0  -999.0   0 0.2  RS  
3650152620217573632 ZTF J143707.79-001827.8      111060418 219.28248  -0.30773  676 12.57 1.11  1.17    388.2   196  9.14 -999.0  -999.0   0 0.1  RS  
1591233091942568704 ZTF J143838.79+480407.8      255806780 219.66163  48.06885 1250 14.64 1.26  0.98    435.11  454  8.86    8.63    0.06  1 0.07 RS  
6325201674009742848 ZTF J143847.45-102435.6       23887441 219.69774 -10.4099  1169 14.45 1.35  1.06    190.93  176  2.44 -999.0  -999.0   0 0.3  RS  
3651645830022790528 CSS_J143907.9-001436         111100950 219.78304  -0.24336 1023 14.47 1.43  1.01    173.42  174  2.42 -999.0  -999.0   0 0.1  SSG 
1606804375615685120 ZTF J144103.69+534105.2      160987095 220.26541  53.6848   837 13.23 1.15  1.05    453.44  404 10.58   10.29    0.04  3 0.03 RS  
1605979810614504704 MP Boo                            -999 221.15938  53.21792 1092 10.86 1.36  0.95    872.25  394 72.0    89.17    0.02  3 0.03 RS  
1591551778515908736 ZTF J144454.42+490006.8      155899970 221.22679  49.0019  1960 15.0  1.34  0.97    365.74  381  6.38    6.27    0.1   2 0.09 RS  
1292848932067458048 MS Boo                         9026451 221.42092  34.12197  289 11.17 1.16  1.25   3086.14  637 11.13   11.32    0.02  2 0.04 RS  
1234710807342845312 ZTF J144542.46+164001.3      416610595 221.42694  16.66703  664 12.72 1.32  1.04    399.56  268  6.42 -999.0  -999.0   0 0.07 RS  
6311514437871316096 HT Lib                       262317538 221.52608 -13.76517  611  8.74 1.5   2.82   2799.59  187 39.66 -999.0  -999.0   0 0.24 cut 
1714348363841907968 ZTF J144636.63+775918.0      288161973 221.65265  77.98834 1886 15.51 1.23  0.99    335.83  338  4.78   52.54    0.03  5 0.1  RS  
1283362032212237440 CSS_J144708.9+314554           9036887 221.78733  31.76517  936 13.28 1.17  1.01   1080.26 1035  9.31    9.33    0.12  2 0.03 RS  
3648686150879347584 CSS_J144715.4-021415         101538403 221.81454  -2.23753 1551 14.73 1.45  1.06    201.06  184 13.58 -999.0  -999.0   0 0.18 SSG 
1591581774567542272 CSS_J144724.4+492427         161003296 221.85171  49.40767 1439 14.13 1.08  1.06    508.9   460 16.92   16.57    0.1   2 0.06 RS  
1617853299243073920 ZTF J144741.22+605733.1      316452095 221.92179  60.95921 1413 14.41 1.2   1.07    346.47  301  7.74    7.67    0.12  4 0.02 RS  
1236740853700530944 CSS_J144746.7+184525         345561602 221.94463  18.757    697 13.33 1.38  1.08    265.06  234  9.2  -999.0  -999.0   0 0.08 SSG 
1489388868914750976 MX Boo                       445869527 222.46912  42.10744  352 10.73 1.22  0.96    780.16  475 13.71   13.38    0.05  3 0.05 RS  
1714337300006108672 ZTF J145124.32+775512.7      288184044 222.85134  77.9202  1030 13.83 1.21  0.99    333.93  347 15.5    15.17    0.08  7 0.12 RS  
1153307884160547840 ZTF J145540.17+012614.8      392928797 223.91739   1.43745 1390 14.51 1.19  1.02    221.78  216  5.42 -999.0  -999.0   0 0.12 RS  
1181967234558950016 NQ Boo                       119707129 224.50287  13.19694  245 10.47 1.1   1.01    409.75  192 73.18 -999.0  -999.0   0 0.07 RS  
6305559345456712448 CSS_J145838.5-173011         335955046 224.66054 -17.50319 1664 15.29 1.44  0.98    202.48  211  1.08 -999.0  -999.0   0 0.28 SSG 
6312720636486961152 NR Lib                       398241472 225.53021 -12.03114  206 10.76 1.53  1.13    354.9   165  2.68 -999.0  -999.0   0 0.23 SSG 
1261966433581008640 OO Boo                       349313452 225.69733  22.30575  283 10.43 1.06  1.07    876.83  363  7.4     7.55    0.03  1 0.14 RS  
1269609654301756032 CSS_J150316.8+282202         229885806 225.82012  28.36725 1741 12.3  1.16  1.14    894.71  449  0.45   22.03    0.01  1 0.07 RS  
6197601528546662656 V0403 Lup                    121778382 226.11933 -39.40722  696 10.6  1.22  1.12    418.02  185 18.23   15.92    0.1   1 0.22 RS  
1153938900755704576 CSS_J150456.4+025013         460382148 226.23517   2.83694 1191 13.81 1.34  1.02    209.41  208  4.85 -999.0  -999.0   0 0.14 RS  
6339437360292199680 ZTF J150611.90-025911.7       20739784 226.54961  -2.98659  840 13.79 1.58  1.06    262.42  246 15.99 -999.0  -999.0   0 0.33 SSG 
1275767469177482112 ZTF J150614.89+294628.5      229898678 226.56205  29.7746   934 13.27 1.23  1.19   1634.08 1145 15.74   15.55    0.05  1 0.06 RS  
1619684673298148864 ZTF J150740.07+623524.5      282925885 226.91698  62.59014  898 13.36 1.13  1.05    371.7   344 18.03   18.57    0.03  5 0.04 RS  
6332800497652649088 ZTF J151002.73-072611.6       79174614 227.51139  -7.43656  482 12.24 1.34  1.42    661.2   223 15.44 -999.0  -999.0   0 0.21 cut 
1599076904815968256 ZTF J151137.45+523554.9      313404897 227.90606  52.5986  1789 15.29 1.24  0.98    404.63  416 13.66   14.13    0.03  4 0.06 RS  
1208511064456872576 CSS_J151406.1+172935           4074428 228.52567  17.49331 1006 14.02 1.41  1.05    510.63  481  8.06 -999.0  -999.0   0 0.07 SSG 
1614621731489725312 ZTF J151546.92+580813.5      165651035 228.94553  58.13711 1714 13.88 1.08  0.95    328.64  367 11.31   11.31    0.08  4 0.04 RS  
1291289446621436288 ZTF J151601.06+360419.7       20303994 229.00445  36.07216 1710 15.09 1.34  0.97    489.43  515  2.69    2.7     0.12  1 0.06 SSG 
1215275156911178112 ZTF J151643.12+221321.4      355733379 229.1797   22.22262 1730 14.99 1.21  1.01    325.94  313  6.64    6.61    0.23  1 0.12 RS  
1275195791848659584 ZTF J151645.63+293630.7      357440677 229.19015  29.60853 1774 15.12 1.3   1.02    842.1   795 15.48   16.52    0.23  1 0.07 RS  
1599005058602839424 ZALD J15172872+5253363            -999 229.36967  52.89342  653 10.6  1.27  0.95    621.71  359 19.73   18.88    0.03  3 0.03 RS  
1395123476458157824 ZTF J151745.69+444248.2      233653052 229.4404   44.71339 1767 14.22 1.04  0.97    355.13  376 12.17   12.31    0.05  3 0.07 RS  
1619792287999059456 ZTF J151859.81+631939.1      202490834 229.74922  63.32753 1859 13.19 1.22  1.01    380.6   362 17.87   18.15    0.07  6 0.05 RS  
1215045908736954752 ZTF J151955.23+220407.6      351371016 229.98016  22.06879  777 13.06 1.33  1.12    409.61  294  9.4    29.38    0.03  1 0.14 RS  
1708005315621055872 ZTF J152141.81+771331.7      219734510 230.42425  77.22549  838 13.26 1.07  1.01    367.81  358  0.95   19.39    0.03  7 0.1  RS  
1615511614353682432 ZTF J152146.23+604806.5      310097769 230.44265  60.80183 1475 14.54 1.08  1.0     299.99  299 10.57   10.86    0.05  5 0.04 RS  
1595883751249905664 ZTF J152159.92+521052.9      193990588 230.49967  52.18138 1312 13.97 1.06  0.94    309.83  356 14.63   15.55    0.03  2 0.05 RS  
1387109926476905600 ZTF J152224.63+354541.1       16282949 230.60263  35.76143 1510 14.82 1.18  0.96    468.48  499 18.71   17.62    0.05  1 0.05 RS  
1700737612480707328 ZTF J152230.78+745033.1      219734128 230.62826  74.84253 1773 14.82 1.2   1.0     275.65  272  5.48    5.45    0.07  8 0.07 RS  
1594368040111330304 CSS_J152303.0+485545         193991097 230.76275  48.92931 1220 14.28 1.31  1.01    384.68  384  4.83    4.83    0.09  3 0.04 SSG 
6322546250349960064 GX Lib                        36983541 230.85858  -6.6105   129  7.02 1.26  1.31    783.59  186 11.12 -999.0  -999.0   0 0.27 RS  
1596369357432347520 QT Dra                       444059241 231.06283  53.13144 1031 12.84 1.18  1.19    817.73  353  7.29    7.24    0.06  3 0.04 RS  
1395693126560164352 ZTF J152446.97+462848.2      116384128 231.19572  46.48007 1134 13.08 1.19  3.68   5941.39  378 10.04    9.85    0.2   3 0.05 cut 
1594776165083975936 ZTF J152615.23+502150.7      193994844 231.56348  50.3641  1817 13.98 1.09  0.93    304.75  359  8.62    8.79    0.04  3 0.06 RS  
1214775806833709440 ZALD J15265119+2223316       355830108 231.71329  22.39211  681 11.41 1.21  1.62   3866.63  472 73.3    88.13    0.03  1 0.16 cut 
4416928840900604288 V0561 Ser                     20810784 231.71971  -0.88661  262 10.92 1.4   1.16    537.38  200 11.86 -999.0  -999.0   0 0.38 RS  
1214778246375136512 ZTF J152703.17+222848.7      355830135 231.76324  22.48021 1935 15.42 1.38  0.97    481.62  498 15.69   16.52    0.07  1 0.16 SSG 
1195022530684968832 ZTF J152805.14+144708.0      159676222 232.02144  14.78556 1195 13.6  1.34  0.99    250.22  264  8.68 -999.0  -999.0   0 0.12 RS  
1395743223059351552 ZALD J15293649+4632471            -999 232.40208  46.54642  691 10.28 1.36  1.1     952.53  400 40.83   20.34    0.03  3 0.04 RS  
4421009025472048000 V0445 Ser                    371328576 232.46275   2.04664  351 12.1  1.42  1.12    334.92  178 11.38 -999.0  -999.0   0 0.15 SSG 
6318307633024991232 UZ Lib                        37308861 233.09671  -8.53358  214  8.71 1.32  1.23    455.66  161  4.77 -999.0  -999.0   0 0.37 RS  
4401816328455105792 ZTF J153340.57-040227.0       20982110 233.41906  -4.04086  906 13.26 1.47  1.03    185.78  185  9.59 -999.0  -999.0   0 0.49 RS  
6318055496968793344 QY Lib                        32260746 233.78171  -8.83042  331 10.17 1.02  0.94    418.44  212  1.05 -999.0  -999.0   0 0.34 RS  
4428978423189734528 ZTF J153614.14+060632.3      459354932 234.05892   6.10898 1667 15.36 1.27  0.99    290.52  291  8.31 -999.0  -999.0   0 0.14 RS  
1209496261234827008 CSS_J153630.9+184421         459257872 234.12892  18.73925 1669 14.84 1.09  1.02    249.65  240 16.18    7.34    0.06  1 0.1  RS  
1190471995655261568 V0454 Ser                    198514720 234.14342  12.325    286 10.27 1.35  1.09    552.29  244  5.41 -999.0  -999.0   0 0.11 RS  
4416657880004375808 ZTF J153640.62-000341.4       46204223 234.16928  -0.06151 1227 14.64 1.34  0.98    208.22  217  8.08 -999.0  -999.0   0 0.26 RS  
6267961201751855360 ZTF J153739.10-124642.9      387043716 234.41295 -12.77859 1786 13.78 1.55  0.98    164.81  182  8.88 -999.0  -999.0   0 0.35 RS  
1596833042101525888 ZTF J153813.01+523043.2      444063713 234.55424  52.51201 1196 14.35 1.24  1.11    434.42  355  3.66    3.67    0.14  3 0.03 RS  
1401159589135954432 QZ Boo                       155969731 234.83692  47.75664  311 10.83 1.36  1.09    841.24  395 20.0    18.94    0.12  3 0.05 SSG 
1216488708513834880 CSS_J154256.5+212402         347503634 235.73575  21.40069  853 13.92 1.21  9.09  32436.16  407 12.24   12.02    0.15  1 0.14 cut 
1598633831694059520 ZTF J154258.90+562448.1      243248854 235.74545  56.41338 1090 13.76 1.1   1.12    406.15  329  0.74    2.81    0.14  4 0.03 RS  
1647677204253342080 AW UMi                       272747068 235.94292  70.30689  403 11.69 1.35  0.99    639.86  299 22.55   20.88    0.1   9 0.08 SSG 
1190657332084247552 CSS_J154431.3+121337         119842311 236.13071  12.22697 1734 15.12 1.28  1.09    308.65  257 15.94 -999.0  -999.0   0 0.14 RS  
1218111140998279424 ZTF J154506.62+234518.1      345334574 236.27761  23.75504 1859 15.69 1.46  0.99    520.42  522  9.88    9.79    0.07  1 0.15 SSG 
1375964314545669120 CSS_J154536.2+363824         316415246 236.40121  36.64019 1366 14.34 1.22  1.03    462.65  436  1.19    6.01    0.12  1 0.06 RS  
1378076373303013632 ZTF J154537.96+411843.4      316414176 236.40818  41.31207  986 14.05 1.32  1.04    448.45  425  2.7     2.7     0.14  1 0.06 SSG 
4429781960031179392 CSS_J154619.9+064830         460460186 236.58304   6.80839 1710 14.26 1.25  0.98    279.0   290 21.69 -999.0  -999.0   0 0.1  RS  
1321034569047998976 ZTF J154623.14+294813.0      283892995 236.59645  29.80363 1274 14.32 1.2   1.02    622.24  593  9.58   29.38    0.14  1 0.08 RS  
4431451568437787008 CSS_J154652.4+090212         296739840 236.71858   9.03678 1268 13.8  1.25  1.02    266.33  263  0.31 -999.0  -999.0   0 0.12 RS  
1377752601488564480 ZTF J154659.26+400135.5       29261273 236.74692  40.02654 1482 14.8  1.26  1.01    391.99  379  3.64    3.67    0.08  1 0.04 RS  
1396587991586615296 ZTF J154854.35+441305.1      156074749 237.2265   44.21809  947 13.13 1.27  1.09    512.37  412  4.73    4.71    0.07  2 0.04 RS  
1189542805253589760 V0479 Ser                    446189130 237.78163  11.27183  600 12.46 1.39  1.24    589.03  279  6.6  -999.0  -999.0   0 0.15 SSG 
1397001064361204480 ZTF J155140.40+444617.6      157351041 237.91834  44.77157 1850 13.92 1.25  3.72   4643.33  340 13.23   22.73    0.02  2 0.05 cut 
1403317586863541504 ZTF J155242.99+501016.5      310153025 238.17915  50.17125 1628 14.8  1.11  0.98    427.32  440  1.72    1.72    0.08  3 0.05 RS  
1204453316795383552 V0486 Ser                    349362015 238.28108  20.4775   418 11.59 1.26  1.47   2929.63  537  9.23    9.47    0.1   2 0.14 cut 
1373528930649274496 ZTF J155438.64+373828.1       29367306 238.66101  37.64115 1491 14.27 1.21  0.99    440.86  453 15.33   15.55    0.05  1 0.04 RS  
5765465416982539520 FF Oct                       290473328 239.27313 -87.50144  375 12.4  1.53  1.13    591.34  346  3.11    3.12    0.12  3 0.37 SSG 
1383472707652621056 V1145 Her                     29412671 239.45658  41.38886  791 12.71 1.12  1.04    696.74  437 15.9    15.55    0.13  1 0.04 RS  
1382759605642657920 ZTF J155936.55+394851.3       29438095 239.9023   39.81427 1776 14.71 1.06  1.01    427.64  417  9.4  -999.0  -999.0   0 0.04 RS  
1403533469100017024 ZTF J155957.62+503645.5      159921959 239.99009  50.61265 1858 14.63 1.03  1.07    420.06  366  1.14    8.01    0.03  3 0.06 RS  
5823083953772552704 V0350 TrA                    342238701 239.99175 -64.56644  859  9.11 1.42  1.03   1098.82  564 53.54  278.96    0.03  1 0.42 RS  
1398816598576776704 ZTF J160236.15+470028.8      417582717 240.65064  47.00801  696 12.93 1.11  1.14    892.83  369  3.84   22.03    0.02  3 0.04 RS  
1707541115555642496 ZTF J160459.24+775134.9      160533425 241.24685  77.8597  1003 13.34 1.26  1.09    435.36  372  1.11   15.68    0.04  8 0.12 RS  
1378498547111953920 CC CrB                        24090947 241.32558  37.43997  590 11.98 1.04  0.87    593.54  409  5.92    5.92    0.24  2 0.04 RS  
1386310444084962176 ZTF J160529.88+445431.9      219473171 241.37452  44.90888 1594 14.33 1.06  1.02    434.0   417  1.07   17.35    0.04  2 0.04 RS  
1379485844130555776 CSS_J160531.0+390213          24105637 241.3795   39.03717 1386 14.64 1.2   0.95    411.09  454  5.5     5.66    0.15  2 0.02 RS  
1324002254009950720 ZTF J160620.02+345545.1       17405283 241.58343  34.9292   903 12.91 1.01  0.9     653.57  453  4.62   44.95    0.02  2 0.07 RS  
1315598789718873984 ZTF J160714.13+265326.6      236327578 241.8089   26.89073 1730 15.04 1.31  1.05    740.73  659  3.54    3.52    0.14  2 0.13 RS  
1384859535412552320 [YWW2015] SK49 5129          219477950 242.03471  41.98393 1197 14.25 1.29  1.0     391.39  395  5.3     5.37    0.15  2 0.04 SSG 
1647104259911614208 AZ UMi                       232983794 242.08104  70.063    370 10.79 1.0   0.98    599.95  319  5.2     5.36    0.11 13 0.07 RS  
1330097156200849664 ZTF J160905.88+360035.1      310506628 242.27453  36.00976 1643 14.61 1.12  1.06    520.88  464 19.39   20.02    0.08  2 0.07 RS  
4449776750782934528 PX Ser                       462279045 242.40854   5.87706  192  9.04 1.31  1.37   1307.61  381 12.25 -999.0  -999.0   0 0.14 RS  
4464607479013942272 ASAS J161022+1452.5          119915771 242.59275  14.87492  475  8.75 1.24  1.04    666.92  320  8.22 -999.0  -999.0   0 0.1  RS  
4411934206256231296 ZTF J161106.88+015153.6      462288343 242.77869   1.86491 1809 14.43 1.21  1.0     301.71  301 15.45 -999.0  -999.0   0 0.25 RS  
1322497842929826048 ZTF J161211.37+322655.3       17490746 243.04738  32.44872  797 13.21 1.11  1.0     524.67  516  6.75    6.76    0.09  2 0.06 RS  
1318871898394970112 CSS_J161235.2+301912          17491410 243.14671  30.32011 1894 14.97 1.25  0.94    499.6   554 16.07   15.78    0.14  2 0.08 RS  
1303115931129472896 ZTF J161259.34+250041.0      236349710 243.24726  25.01139 1226 14.38 1.51  1.02    981.94  968 12.54   12.7     0.1   2 0.19 SSG 
4456884406261462272 ZTF J161354.61+110129.2      461397136 243.47756  11.0248  1846 15.05 1.17  0.95    306.74  335 14.26 -999.0  -999.0   0 0.15 RS  
1385781819509732608 ZTF J161401.01+445356.3      219491464 243.50421  44.89899  916 12.96 1.33  1.1     825.47  377 15.65   15.8     0.07  2 0.03 RS  
1302903897183743232 ZTF J161435.46+243954.4      236354195 243.64776  24.66513  658 13.05 1.53  1.08   1223.19 1003  3.73    3.72    0.11  2 0.23 SSG 
5780875523424416256 V0377 Aps                         -999 243.69183 -76.03053  457  9.93 1.25  4.74  29806.63  389  9.87    9.96    0.1   1 0.21 cut 
1318901722647977344 ZTF J161519.14+304323.1       17562437 243.82978  30.7231  1656 14.43 1.37  0.95    458.33  517  7.12    7.12    0.07  1 0.07 SSG 
4452110910889440896 CSS_J161521.0+080459         318624832 243.83754   8.08311 1014 13.52 1.27  1.04    340.94  323  0.2  -999.0  -999.0   0 0.16 RS  
1387035125326433792 ZTF J161705.01+473232.1      219499728 244.2709   47.54227 1844 15.3  1.16  1.02    394.09  373  6.86   22.03    0.01  3 0.03 RS  
4463617403152659456 ZTF J161739.32+140828.2      105848357 244.41387  14.14118  892 13.28 1.15  1.1     405.47  334  2.27 -999.0  -999.0   0 0.16 RS  
4452311052068150528 V1163 Her                    318701384 244.43654   8.9165   787 11.34 1.15  1.07   1360.88  355 17.27 -999.0  -999.0   0 0.12 RS  
4454006949972022784 ZTF J161809.12+113200.9      318710343 244.53803  11.53361 1779 15.67 1.59  1.13    351.91  274  6.95 -999.0  -999.0   0 0.21 SSG 
1328562925162840064 ZTF J161851.91+325416.1       17651783 244.71633  32.90449 1366 14.36 1.57  1.51    983.54  447  4.42    4.41    0.06  2 0.06 cut 
1200444978436546560 ZTF J161922.96+181551.1      232564310 244.84567  18.26422 1077 13.64 1.35  1.05    652.47  603 10.93   10.68    0.01  1 0.12 RS  
4436965413097123328 V1165 Her                    461413914 244.99992   4.61286  338  9.94 1.32  2.48   5009.22  446  1.44 -999.0  -999.0   0 0.18 cut 
4408672608089970560 ZTF J162009.84+005604.4      270529637 245.04104   0.93457 1097 13.47 1.33  1.02    429.84  419  3.95 -999.0  -999.0   0 0.27 RS  
1332235156560611584 CU CrB                        39933482 245.48837  38.29278  523 10.08 1.31  1.11    988.24  425 31.98   18.59    0.08  2 0.03 RS  
1643441030765166080 ZTF J162219.49+675740.7      230080852 245.58124  67.96131 1420 14.44 1.23  1.16    358.68  270  6.45    6.45    0.06 13 0.1  RS  
4407683734819367168 V2678 Oph                    270670435 245.60967   0.12292  397 10.8  1.28  1.17   1056.64  426 23.11 -999.0  -999.0   0 0.26 RS  
1649739858002811904 ZTF J162318.95+690543.5      230082058 245.82896  69.09542 1393 13.96 1.22  0.98    250.46  265 17.2    17.07    0.09 13 0.1  RS  
1424852346727465600 ZTF J162331.01+514729.5      162633212 245.87924  51.79153  765 13.34 1.25  1.0     326.5   331  9.96   10.7     0.04  2 0.05 RS  
1325511471158784128 ZTF J162349.29+324450.7        8414533 245.95541  32.74743 1200 14.72 1.27  0.97    400.21  427  4.73 -999.0  -999.0   0 0.07 SSG 
4436749187263172864 V1174 Her                      5793757 246.09742   4.75614  506  9.93 1.47  1.33   1689.14  540  4.96 -999.0  -999.0   0 0.16 RS  
1642379516712248064 GSC 04196-02053              230084251 246.29146  66.76092  887 12.81 1.38  1.51    959.83  291  2.88    2.88    0.14 11 0.09 cut 
4437071962647534976 V1177 Her                      5871168 246.29171   5.24833  279 11.48 1.37  1.44   3088.64  540  3.45 -999.0  -999.0   0 0.16 cut 
1381075634865165568 ZTF J162639.53+412116.7       39984138 246.66473  41.35465 1082 14.13 1.37  6.58  17404.9   408 18.02   17.35    0.13  2 0.02 cut 
1304199705997215232 ZTF J162705.99+261710.9      310232762 246.77499  26.28637 1647 13.53 0.96  1.0     549.73  550  1.05   25.62    0.1   1 0.16 RS  
4465741109861634688 CSS_J162712.6+161824         377432393 246.80287  16.30675 1352 14.37 1.28  1.02    560.04  541 22.74   23.3     0.13  1 0.16 RS  
1410951358656960768 ZTF J162719.08+480801.8      162690237 246.8295   48.13386 1783 13.59 0.91  1.1     477.24  397  5.53    5.46    0.01  3 0.04 RS  
1331162067572176640 CSS_J162819.7+372158         255907425 247.08212  37.36631 1345 14.43 1.37  1.04    502.55  465  4.56    4.57    0.12  2 0.03 SSG 
1200956594941269504 CSS_J162841.6+192546         345662933 247.17346  19.42944 1981 14.27 1.24  1.04    453.9   423 15.56   25.62    0.03  1 0.14 RS  
1304338828577886848 CSS_J162859.5+265058         219749177 247.248    26.84967 1821 14.16 1.17  1.02    545.32  529 68.69   32.03    0.11  1 0.1  RS  
1299221082987229568 ZTF J162910.02+234832.6      356083407 247.29177  23.80908 1665 14.42 1.22  1.08    911.12  772 17.12   28.47    0.06  1 0.15 RS  
1411333228493377152 V1190 Her                    232567789 247.42937  48.37328  596 12.74 1.39  1.08    492.87  306  2.66    2.67    0.09  3 0.05 SSG 
4433786793697843712 CSS_J163000.1+043519         281291724 247.5005    4.58883 1086 13.29 1.26  1.18    341.76  250 14.23 -999.0  -999.0   0 0.17 RS  
4383506092599399296 ZTF J163038.64+000545.2      281295094 247.66104   0.09591 1592 15.46 1.46  1.37    599.74  312 20.87 -999.0  -999.0   0 0.26 SSG 
1304062748080321024 CSS_J163213.9+261836         311300841 248.058    26.31025 1815 15.57 1.34  0.97    523.64  545  2.98    2.98    0.08  1 0.11 SSG 
4435007766997784832 ASAS J163329+0403.0          281524832 248.36954   4.05008  894 10.98 1.43  1.19   1653.91  524 38.56 -999.0  -999.0   0 0.16 RS  
4462053279142874112 ZTF J163509.30+140332.6      148123970 248.78877  14.05908 1031 13.82 1.26  1.01    524.01  519 23.62 -999.0  -999.0   0 0.16 RS  
4446289958894042496 ZTF J163513.58+090841.7      291267072 248.80659   9.14492 1003 13.81 1.45  1.02    596.66  589  5.31 -999.0  -999.0   0 0.19 SSG 
1406813690243014528 ZTF J163616.24+450736.1      115181127 249.06768  45.12671 1565 14.32 1.08  0.95    303.44  336  5.91    5.92    0.03  2 0.04 RS  
4563743467462826240 ASAS J163734+2005.1          349380366 249.38929  20.08522 1003 12.58 1.33  0.95    552.07  436  7.52    3.77    0.08  1 0.16 RS  
4383981390860412672 ZTF J163822.95+005208.4      281794114 249.59566   0.86902 1110 14.23 1.47  1.08    502.81  443 19.1  -999.0  -999.0   0 0.37 SSG 
1356095108638961024 ZTF J163850.39+405447.5       68901671 249.70996  40.91321 1178 14.29 1.13  0.97    347.13  372 12.09   24.71    0.03  2 0.02 RS  
4466032205565081728 ZTF J163922.56+163327.7      287182457 249.84403  16.55772 1963 15.34 1.18  1.03    500.16  463  4.72   28.47    0.12  1 0.19 RS  
4447280172195656576 V1210 Her                    291453304 250.47117  11.67247  465  9.25 1.29  1.2    1523.86  598 21.78 -999.0  -999.0   0 0.14 RS  
1299756442070586752 ZTF J164322.04+235516.9      347597634 250.84185  23.92138 1563 13.9  1.03  1.05    696.29  631  5.02    5.02    0.12  1 0.11 RS  
4460961704619268608 CSS_J164335.9+124623         263728787 250.89962  12.77331 1707 13.88 1.19  1.0     657.01  661 62.52 -999.0  -999.0   0 0.13 RS  
1413238377202438272 ZTF J164418.86+511456.7      274311731 251.07859  51.24911 1520 14.51 1.3   1.03    321.25  303  7.6     7.53    0.09  3 0.05 RS  
1307265350573648640 ZTF J164500.76+264242.4      236008661 251.25318  26.71179 1470 15.04 1.23  0.96    471.85  498  2.93   64.06    0.02  1 0.26 RS  
4566047631518091392 ZTF J164513.93+224653.0      345355883 251.30806  22.7814  1729 13.98 1.04  1.04    740.37  691  7.64 -999.0  -999.0   0 0.13 RS  
4446041812860907648 V1214 Her                    315499433 251.76446   9.76617  401 11.31 1.21  1.14   2092.25  492  4.59 -999.0  -999.0   0 0.17 RS  
1311356049225356800 ZTF J164808.33+301618.5       17764688 252.03472  30.27183 1945 15.0  1.2   1.0     431.02  423 23.22   12.81    0.09  1 0.1  RS  
1413937700957320320 ZTF J164846.53+524308.3      274371635 252.19389  52.71899 1478 13.85 1.29  1.03    313.2   305 25.6    27.45    0.06  4 0.14 RS  
4562973946763336576 ZTF J164912.95+194200.0      150483211 252.30396  19.70002 1961 15.53 1.3   1.03    650.39  601 15.39    0.15    0.17  1 0.2  RS  
1413922617032076032 ZTF J164935.35+523611.1      274384480 252.39732  52.6031  1857 14.89 1.15  0.98    294.94  306  6.42    6.49    0.05  4 0.16 RS  
1426346720468539776 ZTF J164949.32+543808.4      199683998 252.45551  54.63568 1273 14.4  1.17  1.06    371.09  334  3.53    3.55    0.11  5 0.04 RS  
4449124534227816832 ZTF J165140.99+130111.4      143061622 252.92082  13.01986 1330 14.52 1.34  1.07    471.82  411  6.42 -999.0  -999.0   0 0.15 RS  
4447329031739753472 ROTSE1 J165150.69+095633.2   337337331 252.96138   9.94258  969 12.76 1.41  1.01    589.34  419 54.05 -999.0  -999.0   0 0.23 RS  
1307814144314810880 ZTF J165212.05+275314.7      458547167 253.05023  27.88744 1484 14.41 1.25  1.01    465.38  459 19.27   21.35    0.01  1 0.23 RS  
4449010185018259584 ZTF J165305.19+122429.2      284465485 253.27165  12.40812 1705 15.61 1.35  1.05    482.57  425  8.69 -999.0  -999.0   0 0.13 SSG 
4442274954744795136 V2702 Oph                    337424703 253.4905    7.58067  278 10.2  1.28  1.11    945.75  386 11.51 -999.0  -999.0   0 0.33 RS  
1427259727436333056 ZTF J165416.25+554048.9      199708870 253.56772  55.68027 1842 13.82 0.83  1.0     277.93  278 11.23   11.17    0.02  8 0.03 RS  
1635440468766727680 ZTF J165544.58+652350.9      289622382 253.93577  65.39749 1141 14.01 1.33  1.02    332.4   329  4.54    4.52    0.07 12 0.09 RS  
4444265345668463488 Gaia DR2 4444265345668463488 337578086 254.0776    9.63647  753 13.03 1.51  1.0     380.41  344  3.55 -999.0  -999.0   0 0.32 SSG 
1351260796530197120 ZTF J165635.00+365745.2       72889462 254.14585  36.96256 1943 14.93 1.29  1.56    987.18  401  2.66   51.25    0.02  1 0.04 cut 
1352965245711510912 ZTF J165638.21+401409.0       72888221 254.15924  40.23584 1029 13.56 1.19  0.99    323.9   332 16.49   17.98    0.03  2 0.06 RS  
1408304765449026560 ZTF J165758.71+481224.9      274555252 254.49464  48.20693  853 13.39 1.34  1.06    346.46  319  7.3     7.33    0.15  2 0.06 SSG 
1339150500584392832 ZTF J165805.03+361658.1       82356900 254.52097  36.28281 1653 14.65 1.05  0.98    400.79  414  9.7  -999.0  -999.0   0 0.04 RS  
4391381516432503936 ZTF J165917.61+033317.7      283253521 254.82339   3.55493  857 14.29 1.69  0.99    499.39  521  3.35 -999.0  -999.0   0 0.28 SSG 
1436687519953114368 ZTF J165919.55+580052.8      224597625 254.83146  58.01468 1336 13.96 1.04  0.99    306.97  316  0.93   13.41    0.04 13 0.05 RS  
1359831730186620416 ZTF J165930.78+461839.4      115612648 254.87828  46.31097 1628 15.39 1.41  1.19    548.59  382  6.17   20.34    0.01  3 0.06 SSG 
1337937601821081728 ZTF J170011.48+341853.9      159434997 255.04787  34.31499 1584 14.02 0.99  0.97    405.3   439 10.15   28.47    0.14  1 0.05 RS  
1635773345911417088 ZTF J170135.92+665412.9      219845731 255.3997   66.90361 1629 14.93 1.12  0.95    230.21  255  8.56    8.43    0.03 12 0.09 RS  
1432156024513915648 ZTF J170222.34+544046.5      224606352 255.59311  54.67961 1170 14.33 1.19  1.02    371.04  358  8.48   28.41    0.04  6 0.04 RS  
4443036641425603328 ZTF J170425.48+082521.2      323438893 256.10617   8.42257 1716 15.21 1.39  1.03    423.43  390  5.05 -999.0  -999.0   0 0.25 SSG 
1339422183035163776 ZTF J170518.34+364838.3       82611352 256.32642  36.81064 1216 14.57 1.35  1.05    430.23  387  7.12   12.09    0.08  2 0.07 SSG 
1337732439821954304 V1244 Her                     21743701 256.40858  33.84992  608 11.27 1.07  1.01   1772.88  483  5.78    5.8     0.06  2 0.07 RS  
4561740810114952320 V1245 Her                         -999 256.77621  20.48939  559 10.44 1.45  1.34   2150.91  546 37.3    23.3     0.12  1 0.19 RS  
4443076464362200448 ZTF J170706.68+084833.4      447798035 256.77785   8.8093  1715 15.08 1.51  1.03    439.78  411  4.81 -999.0  -999.0   0 0.29 SSG 
1354213225769122560 CSS_J170752.8+413315         405557459 256.97004  41.55442 1801 14.67 1.11  0.98    372.37  386 10.35   23.3     0.01  3 0.06 RS  
4391669485400633216 ZTF J170803.66+041244.8      297500346 257.01527   4.21246  778 13.83 1.7   1.05    578.32  554  3.21 -999.0  -999.0   0 0.38 SSG 
4394497772904163456 ZTF J170859.92+064237.5      447830174 257.24969   6.71042 1962 14.76 1.26  0.96    402.43  430 18.28 -999.0  -999.0   0 0.34 RS  
1420002778894668288 CSS_J170910.3+542945         198381065 257.29313  54.496   1690 15.39 1.42  1.06    331.52  288  5.03    5.02    0.08  7 0.05 SSG 
4443371580154322048 CSS_J170935.3+083756         447837194 257.39742   8.63239 1696 14.0  1.36  1.11    477.71  400 53.92 -999.0  -999.0   0 0.38 RS  
4540808479541441536 CSS_J170949.3+111950         447843958 257.45558  11.33075 1871 15.82 1.5   1.02    727.07  690  1.14 -999.0  -999.0   0 0.25 SSG 
1631379903604826624 ZTF J171011.84+641204.4      307986645 257.54936  64.20124  844 12.95 1.42  1.35   1000.83  308  3.71    3.71    0.13 12 0.07 SSG 
1333438915635290112 CSS_J171031.9+312504          21902605 257.63325  31.41789 1260 14.41 1.45  1.0     408.05  419  4.6     4.55    0.08  2 0.09 SSG 
4391840837415662592 ZTF J171148.03+050836.4      361738792 257.95015   5.14347 1130 14.01 1.35  1.05    638.0   587 15.8  -999.0  -999.0   0 0.5  RS  
1354454740370241024 ZTF J171233.57+431400.4      275037062 258.13991  43.23345 1896 14.94 1.17  1.01    360.2   347 10.72   15.96    0.09  2 0.04 RS  
4394636036491656832 ZTF J171234.74+071724.6      459486397 258.14478   7.29018  959 14.13 1.48  0.98    511.79  542  2.81 -999.0  -999.0   0 0.46 SSG 
1364926317313972352 ZTF J171333.79+462732.9      275038991 258.3908   46.45915 1778 13.67 1.28  1.02    431.32  421  1.13    9.55    0.02  3 0.09 RS  
1364690605212439296 ZALD J17135528+4559506         7546049 258.48033  45.99739  512  9.84 1.38  1.75   1732.88  320 49.08   42.71    0.06  3 0.1  cut 
1354103171527416192 ZTF J171359.81+420307.2        7547436 258.49923  42.05202  871 12.9  1.13  1.08    754.81  369  6.2     6.23    0.09  2 0.06 RS  
4546831672958094080 CSS_J171401.1+160602         154664413 258.50492  16.10058  608 13.13 1.34  1.0     430.12  420  4.28    4.28    0.04  2 0.22 RS  
1360440481676068608 ZTF J171406.25+430733.0        7547018 258.52605  43.12584 1850 15.37 1.35  1.01    352.6   341  0.94   14.69    0.07  3 0.05 SSG 
4566783582757773824 CSS_J171449.0+203133         345813752 258.70433  20.52592 1672 14.17 1.05  1.0     549.41  552  5.08    2.55    0.03  2 0.15 RS  
1631065202761120256 ZTF J171530.03+632629.7      232612521 258.87516  63.44161 1838 15.41 1.21  1.24    493.82  317  0.85    5.59    0.09 12 0.08 RS  
4567589112463084544 CSS_J171542.1+220315         230230008 258.92571  22.05436 1744 14.82 1.35  1.02    776.6   737  6.17   23.3     0.06  1 0.11 RS  
1333108409311561600 ZTF J171617.01+303515.3        9567439 259.07089  30.5876  1579 13.65 1.06  0.99    407.78  421  0.95   21.02    0.04  2 0.11 RS  
4573897663504450432 ZTF J171629.36+265412.2      257650102 259.12235  26.9034  1882 14.96 1.35  1.0     451.43  446  8.97   12.34    0.14  2 0.15 RS  
4541558346472224768 V1404 Her                    310716973 259.12379  13.38742  480 11.28 1.35  1.15   1981.79  497 12.68   13.07    0.1   1 0.46 RS  
4568391171835158144 ZTF J171704.89+224606.7      233015103 259.2704   22.76853 1280 14.66 1.26  0.98    638.76  666  3.38   25.23    0.03  2 0.12 RS  
4570311194014149760 CSS_J171741.9+240537         257718595 259.42496  24.09367 1941 15.52 1.18  1.0     574.38  560  4.36    4.35    0.11  2 0.17 RS  
4390224860263541888 ZTF J171825.67+044846.8      345068551 259.60699   4.81302 1510 14.93 1.52  1.05    693.4   629 14.93 -999.0  -999.0   0 0.34 SSG 
5804085561048983552 V0384 Aps                    311420180 259.69813 -73.42039  236  9.45 1.23  1.07    995.9   505  7.1     7.22    0.07  2 0.18 RS  
1366254115043354112 ZTF J171929.82+491408.6      188666818 259.87428  49.23574 1237 14.41 1.21  1.06    374.29  335  3.42   22.66    0.0   2 0.06 RS  
4566840138887076864 CSS_J171947.8+204600         376844461 259.94921  20.76675 1682 14.38 1.14  0.99    605.87  624  1.09   12.01    0.12  2 0.18 RS  
1705463588334905344 ZTF J172007.94+774622.6      441740995 260.03312  77.77296 1574 14.21 1.25  1.03    329.3   314 13.78   21.62    0.01  6 0.11 RS  
4567336877624937216 CSS_J172008.4+213733         356234829 260.03517  21.62592 1947 15.22 1.32  1.08    679.91  575 18.59   18.82    0.07  2 0.16 RS  
4543132091208727296 ZTF J172024.12+140900.2      165642970 260.10053  14.15006 1716 14.72 1.61  0.96    432.33  477  5.08    5.05    0.11  2 0.42 SSG 
1434382501200491392 NSVS 2912600                 233679640 260.33551  60.05881  662 11.46 1.13  0.9     667.71  266  4.4     2.2     0.26 12 0.06 RS  
1347920342765892480 ZTF J172206.17+414059.1      101805792 260.52574  41.68311 1286 14.42 1.23  1.06    361.09  323 13.91    6.91    0.03  2 0.06 RS  
1346882403789493120 ZTF J172245.35+395434.8      101806767 260.68899  39.90968 1774 14.65 1.14  1.02    402.52  386 17.02   19.95    0.03  2 0.1  RS  
1340854159491539456 CSS_J172259.2+392928         101828650 260.74696  39.49114 1490 13.46 1.42  1.03    408.71  395 37.53   18.36    0.03  2 0.1  RS  
4490503314310681600 ZTF J172337.23+084740.2      447858233 260.90514   8.79451 1470 15.58 1.42  0.98    404.43  419  1.97 -999.0  -999.0   0 0.34 SSG 
4553451248353675648 CSS_J172344.3+180528          43334402 260.93496  18.09117 1493 14.8  1.55  1.54    935.07  397  2.5     2.51    0.28  2 0.15 cut 
4394024879825247360 ZTF J172403.02+071338.7      447862100 261.01259   7.22744 1142 14.14 1.42  1.03    422.28  410  5.33 -999.0  -999.0   0 0.34 RS  
4491372890569488896 ZTF J172403.38+092428.2      447864075 261.0141    9.40786  767 12.65 1.21  1.04    550.74  361  8.71 -999.0  -999.0   0 0.31 RS  
4570177534631709696 CSS_J172403.8+240934         423028358 261.01588  24.15958 1907 14.61 1.2   1.02    561.51  529 11.13   21.09    0.03  2 0.15 RS  
5922350921534561280 ASAS J172405-5615.1          291324922 261.0195  -56.25114 1135 10.38 1.29  0.92    934.95  548  9.22    9.3     0.1   1 0.46 RS  
4553537078980310400 V1262 Her                     43334996 261.02071  18.49369  382 10.99 1.2   1.3    1841.55  467 11.55   11.74    0.18  2 0.14 RS  
1337324246130094464 ZTF J172430.46+365324.2      101832894 261.12693  36.89006 1042 13.48 1.34  1.72   1295.33  445  5.11    5.1     0.06  2 0.16 cut 
4389087729020182528 ZTF J172515.59+033124.8      327799936 261.31498   3.52357 1984 15.48 1.33  1.05    573.25  512 14.79 -999.0  -999.0   0 0.38 RS  
4390996275047164800 ZTF J172548.06+065548.3      302167025 261.45027   6.93011 1198 15.18 1.5   1.03    418.95  392  3.52 -999.0  -999.0   0 0.35 SSG 
4390580758434356864 ZTF J172612.12+054826.7      327865844 261.55051   5.80744  823 12.78 1.49  1.11    742.23  449  5.22 -999.0  -999.0   0 0.34 SSG 
4554942083048996480 ZTF J172617.11+202322.2      237119806 261.57131  20.38952 1514 14.8  1.13  1.02    955.13  897  1.86   24.83    0.09  1 0.17 RS  
1335331999780582272 ZTF J172624.25+330935.0       39271040 261.60108  33.15974  909 12.73 1.14  1.01    613.99  412  8.75    8.55    0.08  2 0.13 RS  
4555370652062494336 ZTF J172625.61+214428.9      237120753 261.60674  21.74138 1697 14.31 1.0   0.99    741.39  757  0.52   18.52    0.06  2 0.17 RS  
4543993558568933248 ZTF J172632.63+154833.6      393953134 261.63596  15.80934 1828 15.64 1.45  0.99    456.03  451 12.26   11.8     0.09  2 0.27 SSG 
1337114067610495744 ZTF J172643.44+363313.8      101926677 261.68101  36.55385 1954 15.11 1.17  0.97    427.83  441  7.13   26.65    0.06  2 0.13 RS  
4571134418985782912 TAOS 151-02                  298539628 261.78629  27.004    780 11.92 1.18  1.02    972.42  490 59.89  148.82    0.01  2 0.12 RS  
4390935767548037760 ZTF J172722.56+064344.6      302287510 261.844     6.72906  847 14.7  1.72  1.01    412.45  417  2.75 -999.0  -999.0   0 0.32 SSG 
1651905311794208896 V0515 Dra                    441767506 262.05162  72.65642  487 11.28 1.37  1.26   1386.94  290 13.87   13.68    0.1  13 0.12 RS  
4601966305575288960 CSS_J172821.0+331849          39323612 262.08788  33.31386 1280 13.64 1.09  0.94    377.47  433  5.68    5.67    0.1   2 0.11 RS  
1346828184122485632 ZTF J172831.90+402500.3       88779011 262.13293  40.41676 1093 13.89 1.23  1.0     417.16  420 18.4    24.67    0.01  2 0.11 RS  
1416381056312535680 ZTF J172910.11+541311.0      198480478 262.29215  54.21973  979 13.88 1.44  1.77    956.92  317  2.36    2.35    0.07  9 0.12 cut 
4389711186473469184 ZTF J172911.44+045423.7      348187837 262.29769   4.9066  1685 14.77 1.34  1.24    696.3   449  4.49 -999.0  -999.0   0 0.35 RS  
1365298708158691328 ZTF J172938.27+473745.7      270257732 262.40949  47.62938 1877 14.82 1.35  1.06    346.78  310  4.05    4.04    0.1   2 0.06 SSG 
4493542879846344192 ZTF J172953.65+111632.6      302507437 262.47356  11.27574 1124 14.36 1.24  1.04    431.35  403  8.92 -999.0  -999.0   0 0.39 RS  
1422377586571452032 ZTF J173010.13+572439.7      356111416 262.54221  57.41104 1950 14.53 1.39  1.04    335.55  315  4.17    4.17    0.14 12 0.11 RS  
1361090739720168576 ZTF J173014.48+451733.7      270279239 262.56037  45.2927  1071 13.48 1.07  0.96    309.36  342  5.39    5.43    0.05  2 0.06 RS  
4390631168467901824 ZTF J173022.88+055630.3      348278134 262.59536   5.94177 1636 15.0  1.37  1.18    629.82  445 15.64 -999.0  -999.0   0 0.33 RS  
4553324941955491712 CSS_J173124.1+180857         462648738 262.85063  18.14942 1654 15.32 1.4   1.03    445.13  410  5.42   28.32    0.08  2 0.16 SSG 
4569484979746619008 ZTF J173131.54+233706.9      462644500 262.88143  23.6186  1891 16.04 1.37  1.37   1116.22  584  5.72  139.41    0.03  2 0.17 SSG 
4598876952779768064 ZTF J173156.76+295238.1      321769088 262.98652  29.87726  919 14.01 1.22  1.01    479.31  474  3.25    8.52    0.08  2 0.13 RS  
4570007660085536256 ZTF J173209.08+253858.5      321766066 263.03787  25.64959 1942 15.63 1.62  1.02    570.81  536  5.97   10.49    0.14  2 0.19 SSG 
4598751780252642176 CSS_J173214.1+285628         321768422 263.059    28.94114 1027 14.41 1.48  1.04    518.33  486  1.38    1.39    0.14  2 0.13 SSG 
1655646778064790528 DR Dra                       441792937 263.17167  74.22736   86  6.28 1.28 17.8  226306.2   230 26.74   31.22    0.02 13 0.09 cut 
4602035162490920320 ZTF J173244.97+333530.1       39516282 263.18738  33.59172 1024 13.86 1.37  1.01    393.87  401 21.02   22.94    0.02  2 0.12 SSG 
4554179743529140992 ZTF J173249.36+200428.7      229697253 263.20569  20.07465 1872 14.22 1.26  0.98    595.4   622 25.17   27.59    0.12  1 0.17 RS  
1343676090444253824 ZTF J173251.87+392354.8       88892568 263.21615  39.39857 1229 14.24 1.11  0.97    336.7   356 11.42   11.47    0.06  2 0.1  RS  
1362248113147856000 CSS_J173321.5+472248         270362064 263.33967  47.38    1960 15.28 1.12  1.08    363.35  308  1.55    1.54    0.12  3 0.08 RS  
1336042937126955136 CSS_J173419.9+352319          39548264 263.58317  35.38861 1678 14.58 1.32  1.28    674.67  417  1.93    1.94    0.14  1 0.09 RS  
4598937352902074624 ZTF J173459.71+295951.7       39551525 263.74883  29.9977  1917 14.78 1.09  0.98    390.71  401  4.05    4.1     0.09  2 0.13 RS  
4389582131296202880 ZTF J173505.02+050730.8      348941939 263.77095   5.12524 1986 15.9  1.7   1.75   1337.95  430  8.25 -999.0  -999.0   0 0.48 cut 
4553895966448660992 ZTF J173518.87+192052.5      287318752 263.82864  19.34792 1754 14.96 1.23  1.05    597.15  533 13.5    13.07    0.06  1 0.17 RS  
1421022679008990336 ZTF J173523.47+554016.5      329247722 263.8478   55.67126 1094 13.78 1.18  0.98    259.49  279 10.14   10.08    0.05 12 0.13 RS  
4569723745567725184 ZTF J173548.52+245828.8      316634844 263.95217  24.97467 1769 14.27 1.3   1.13    527.38  417  1.6     5.28    0.07  1 0.24 RS  
1347413639704813952 ZTF J173612.45+421953.1      270404680 264.05188  42.33142 1864 15.36 1.33  1.38    657.71  339  3.08    3.08    0.04  2 0.08 SSG 
4557159832357869568 ZTF J173702.48+223613.2      311430760 264.26035  22.60369 1762 14.41 1.17  0.97    632.55  667 22.77   24.83    0.09  1 0.22 RS  
1368305765085637248 ZTF J173714.08+511548.9      321669900 264.3087   51.26361  924 13.54 1.25  0.99    320.37  332 15.72   16.52    0.05  3 0.13 RS  
1417667519276150784 ZTF J173755.19+535046.2      313590739 264.47998  53.84619 1808 14.57 1.28  0.98    326.37  341  3.44    3.43    0.04  9 0.1  RS  
4492459925313695104 NSVS 10894493                277741702 264.51267  10.47081  819 12.53 1.43  1.24    848.66  416 84.06 -999.0  -999.0   0 0.42 RS  
4594155168814451072 ZTF J173807.99+264417.6      311521070 264.5333   26.73824 1759 14.82 1.19  1.02    561.04  537 11.66   11.27    0.03  2 0.1  RS  
4593793395129457152 ZTF J173816.33+254049.7      311521804 264.56805  25.68049 1950 15.25 1.17  1.01    496.67  472 11.97   14.24    0.01  1 0.16 RS  
4593684302960274944 ZTF J173834.18+245820.7      311522349 264.64244  24.97242 1737 14.8  1.3   1.04    578.51  529  9.02    8.85    0.18  2 0.18 RS  
4600918058678258304 ZTF J173904.50+322021.3           -999 264.76876  32.33927 1889 15.21 1.34  1.0     460.79  422 21.42 -999.0  -999.0   0 0.1  SSG 
4557226902565749248 ZTF J174001.44+225250.5      286429073 265.00602  22.8807  1387 14.31 1.29  1.0     619.06  619 12.73   13.07    0.09  1 0.26 RS  
1367055246703848960 ZTF J174035.15+492518.9      298542373 265.14649  49.42193 1969 15.24 1.11  0.92    297.63  341  7.61   15.31    0.31  2 0.07 RS  
4595517321984631424 ZTF J174118.86+282230.0      359414541 265.32861  28.37501 1767 14.61 1.3   0.95    426.88  474  9.91    9.93    0.07  1 0.16 RS  
4485781461628178176 ZTF J174122.26+055745.7           -999 265.34276   5.96271 1508 13.7  1.41  1.06    759.43  545  1.78 -999.0  -999.0   0 0.48 RS  
1416538320834557568 ZTF J174124.69+522717.7      335951256 265.3529   52.45493  952 14.36 1.61  1.02    313.22  311  1.94    3.89    0.06  5 0.1  SSG 
4581633415002139392 ZTF J174146.17+244731.6      359476538 265.44239  24.79213 1659 15.07 1.16  0.96    497.01  530 18.93   17.25    0.06  2 0.18 RS  
4493429286551297536 ZTF J174148.29+124901.3       43738920 265.45124  12.81704 1211 14.74 1.47  0.98    376.02  391 15.31 -999.0  -999.0   0 0.38 SSG 
4594257801352956928 ZTF J174159.17+261609.9      359479377 265.49656  26.26944 1472 14.19 1.04  0.94    443.69  502  6.2    14.05    0.02  2 0.14 RS  
4549693873524633856 ZTF J174204.85+172448.2       43792947 265.52024  17.41339 1313 14.86 1.28  1.02    503.28  485  5.42    5.52    0.03  1 0.17 RS  
1439558898864573568 ZTF J174206.72+624735.5      219797298 265.52802  62.79322 1559 13.24 1.0   0.99    299.1   304 14.18   15.21    0.01 13 0.1  RS  
4552460828896187008 ZTF J174214.68+194957.6      363731054 265.56118  19.83269 1901 14.15 1.09  1.01    507.77  501  4.15    4.14    0.02  1 0.2  RS  
4552143619793287296 ZTF J174236.24+191146.7      363737752 265.65102  19.19632 1555 15.15 1.41  1.0     653.05  641  6.47   27.59    0.05  1 0.19 SSG 
1349329916673137024 V1290 Her                    193602730 266.03154  44.08106  285  7.95 1.1   1.33   1355.76  373 64.1    26.65    0.01  2 0.11 RS  
1651250380821820672 V0521 Dra                    441804674 266.04587  72.05075  323  9.68 1.27  1.07    647.19  319  4.27    4.26    0.13 12 0.11 RS  
4493336996293571328 ZTF J174413.60+121710.2       44017539 266.0567   12.28617 1815 15.69 1.56  1.04    437.19  402  4.82 -999.0  -999.0   0 0.41 SSG 
4601479050126221696 ZTF J174415.30+334122.4       18471458 266.06377  33.68957  657 13.35 1.39  1.09    467.63  404  8.19    8.01    0.02  2 0.13 SSG 
4556493803190265600 ZTF J174419.62+230120.7      363822330 266.08176  23.02244 1912 15.79 1.41  1.02    664.06  629  7.95    7.76    0.06  1 0.37 SSG 
4597514623513387520 ZTF J174422.30+303609.1       18473688 266.09295  30.60253 1140 14.39 1.51  1.03    449.41  432  2.34    2.34    0.15  2 0.15 SSG 
4486621454150751744 ZTF J174512.01+075044.1      288273602 266.30006   7.84559  971 14.52 1.34  1.65   1256.04  461  9.54 -999.0  -999.0   0 0.39 cut 
4607590926027195648 ZTF J174538.59+343644.9       18534039 266.41083  34.6125  1544 14.86 1.21  1.02    453.69  429  1.24   24.06    0.18  2 0.1  RS  
1349079502899915136 ZTF J174604.05+433549.1      193626738 266.5169   43.59699 1344 14.48 1.39  1.02    355.08  353  7.07    7.11    0.16  2 0.09 SSG 
4597705938536907520 ZTF J174609.07+304124.2       18537995 266.5378   30.69007 1103 13.92 1.08  1.04    404.27  378 10.55   11.75    0.03  2 0.14 RS  
4556229920402459264 ZTF J174626.57+223229.4      363924192 266.61075  22.54151 1865 14.92 1.47  0.98    610.65  631 17.73   15.52    0.04  1 0.35 SSG 
1362543160220521856 ZTF J174631.95+464306.3      193629430 266.63314  46.71844 1930 15.22 1.25  1.02    323.29  307  8.5     8.71    0.04  2 0.06 RS  
1367694715794455424 ZTF J174718.18+504512.4      356198081 266.82577  50.75346 1184 13.83 1.2   0.96    291.01  322  6.47    6.43    0.11  4 0.11 RS  
1368539278163416832 V0382 Dra                    356198404 266.83188  51.55514 1046 13.91 1.44  1.06    353.87  325  4.22    4.2     0.11  4 0.1  SSG 
1638061326529190784 ZTF J174721.91+693856.2      233211387 266.8413   69.64896 1481 14.61 1.4   1.2     467.9   330  0.95    1.9     0.09 13 0.08 SSG 
4486325032688038400 ZTF J174725.01+065735.8      446206530 266.85423   6.95997 1642 15.61 1.71  1.04    592.03  534  4.33 -999.0  -999.0   0 0.5  SSG 
1346009803874056960 ZTF J174727.03+431147.8      193632643 266.86264  43.19663 1053 13.07 1.01  1.02    410.24  359 20.64   21.02    0.03  2 0.1  RS  
1435350105792741760 ZTF J174735.97+603731.5           -999 266.89991  60.62542 1622 14.15 1.07  6.67  26938.22  268 11.15   15.78    0.03 12 0.1  cut 
4551440310308544256 ZTF J174808.61+191454.6      364012048 267.03588  19.24852 1740 15.39 1.38  0.99    585.93  580 12.44 -999.0  -999.0   0 0.22 SSG 
1344858271602642176 ZTF J174813.99+411518.1      116122488 267.05831  41.25504 1500 15.26 1.35  1.0     369.97  367 10.35   10.51    0.12  2 0.12 SSG 
1439595556409332480 ZTF J174833.28+630846.2      219812997 267.1387   63.14619  928 12.45 0.98  1.07    564.91  332  3.14    3.15    0.05 13 0.08 RS  
4499156470822045440 ZTF J174936.08+124419.6       44463121 267.40037  12.73879 1568 14.68 1.17  1.02    378.3   363  6.59 -999.0  -999.0   0 0.38 RS  
4581096544091331456 ZTF J174939.34+243627.3      308177454 267.41395  24.6076  1574 14.76 1.09  0.98    521.31  533  5.19    5.17    0.01  1 0.16 RS  
4488072912580987904 ZTF J174942.16+082638.6      446253031 267.4257    8.44407  734 13.54 1.49  1.03    510.68  512  4.11 -999.0  -999.0   0 0.48 SSG 
4577156890855985280 ZTF J174944.27+220503.4      298546297 267.43447  22.08428 1436 15.24 1.37  1.0     778.76  764  6.85    6.54    0.04  1 0.32 RS  
4499335519419026048 ZTF J174959.58+132145.2       44461099 267.49826  13.36258 1265 14.52 1.26  1.03    382.78  357  1.12 -999.0  -999.0   0 0.35 RS  
1637769715430118528 GSC 04428-00785              233236224 267.55058  68.96693 1522 11.62 1.28  0.98    608.59  262 30.57   29.55    0.06 12 0.09 RS  
1421863015129862400 ZTF J175025.61+575308.4      341817154 267.60674  57.88569 1503 14.34 1.26  1.09    291.73  252  8.9     8.94    0.03 13 0.11 RS  
4499364862635602048 ZTF J175040.54+133139.2      157222621 267.66895  13.52757 1137 14.82 1.57  0.99    361.06  374 12.58   27.59    0.05  1 0.41 SSG 
1344466776743593984 ZTF J175126.20+393420.0      116245817 267.8592   39.57223  912 13.3  1.27  1.11    497.41  407 19.19   19.41    0.14  2 0.09 RS  
1418417420566126208 ZTF J175126.98+560308.9      341840144 267.86242  56.05248 1438 15.53 1.52  1.03    379.72  350 12.85   12.81    0.04 11 0.11 SSG 
4577280070513865600 ZTF J175319.33+223444.6      275040533 268.33056  22.57906 1109 13.64 1.24  0.97    601.21  643  3.73    3.76    0.03  1 0.34 RS  
1364468130203130112 ZTF J175351.78+495807.0      356346000 268.46575  49.96862 1480 14.47 1.15  1.04    372.47  346  6.8     6.93    0.02  3 0.13 RS  
1421603770903729024 ZTF J175405.81+570007.9      232621060 268.52424  57.0022   920 13.12 1.23  0.93    282.44  315  8.01    8.01    0.15 13 0.13 RS  
4551481748152576256 ZTF J175412.69+183946.8      275149534 268.55291  18.66302 1639 14.81 1.14  1.08    919.56  777 10.55   27.59    0.05  1 0.2  RS  
4476014632977187584 ZTF J175422.80+082001.1      277493282 268.59504   8.33366 1111 14.52 1.59  0.99    372.54  393  9.85 -999.0  -999.0   0 0.37 SSG 
4551582971943964544 ZTF J175432.46+191303.3      275148341 268.63529  19.2176  1322 13.59 1.02  1.05    639.03  579 10.71   11.83    0.04  1 0.22 RS  
4502581621342141696 ZTF J175449.13+162636.7      286509099 268.70472  16.44354 1523 14.52 1.16  1.03    381.31  362  6.91   19.1     0.02  1 0.24 RS  
4584468883690958848 ZTF J175636.00+284018.1      158649412 269.15004  28.67171  847 12.82 1.0   1.03    817.52  491 15.56   17.74    0.03  1 0.15 RS  
4469677906952538880 ZTF J175650.06+035951.3      325367336 269.20861   3.99759 1605 14.14 1.49  1.05    297.66  284  9.63 -999.0  -999.0   0 0.46 RS  
4469678151766608768 ZTF J175700.75+040138.6      325438226 269.25315   4.0274  1651 14.53 1.08  1.08    344.59  294  4.36 -999.0  -999.0   0 0.45 RS  
4551650694986902656 ZTF J175758.40+193035.4      275431548 269.49334  19.50985 1773 14.26 1.09  1.03    670.91  627 22.85   35.48    0.04  1 0.23 RS  
4503534760486009088 ZTF J175802.05+183908.1      275430565 269.50858  18.65227 1716 15.53 1.44  0.97    516.17  536  2.89   15.52    0.02  1 0.26 SSG 
4476362941942811264 ZTF J175813.50+083047.1      302715967 269.55628   8.51311 1821 15.43 1.48  0.98    401.53  415  6.08 -999.0  -999.0   0 0.45 SSG 
4577866625606719104 ZTF J175821.44+240408.5      158798670 269.58936  24.06903 1971 15.54 1.33  1.04    627.69  568  4.03    4.07    0.02  1 0.24 RS  
4496372095065090304 ZTF J175825.48+123754.6        5209207 269.6062   12.63185 1218 14.35 1.13  1.02    452.01  430  3.24 -999.0  -999.0   0 0.41 RS  
4551653821723068544 ZTF J175826.83+193140.7      341946092 269.61182  19.52798  869 12.87 1.04  0.92    974.08  690  1.7    27.59    0.1   1 0.24 RS  
4575684782219310464 ZTF J175945.59+195056.6      311526890 269.94     19.84908 1578 14.44 1.22  0.99    609.4   623  7.75   27.59    0.25  1 0.27 RS  
4575658325221345408 ZTF J175949.43+193138.4      342058260 269.95596  19.52734 1780 14.54 1.11  1.04    752.1   683  8.25   41.39    0.01  1 0.23 RS  
4577797940489826432 ZTF J180033.83+235014.4      310846607 270.14097  23.83734 1641 13.67 1.27  1.09    733.64  626 12.47   13.07    0.07  1 0.29 RS  
4474866330521866624 ZTF J180059.38+065324.1      414571871 270.24745   6.89003  542 12.87 1.43  1.22    588.65  282  1.08 -999.0  -999.0   0 0.47 RS  
4602918482646537728 ZTF J180122.75+313253.4       22310024 270.34482  31.54818 1229 12.83 0.96  0.98    645.43  434  5.6  -999.0  -999.0   0 0.12 RS  
2152680150407953024 ZTF J180128.48+595151.5      353806824 270.3687   59.86432  883 13.57 1.12  1.05    316.77  292  2.27    2.27    0.08 13 0.1  RS  
4609920688087235456 ZTF J180144.33+380520.2      235596659 270.43473  38.08896 1669 14.86 1.29  0.96    369.78  402 19.32   19.71    0.17  1 0.07 RS  
4498276827161028864 ZTF J180214.80+141617.1      149017718 270.5617   14.27143 1922 15.49 1.61  1.08    443.25  381  4.21 -999.0  -999.0   0 0.48 SSG 
4502327668517824000 ZTF J180307.23+172541.7      424783320 270.78015  17.42827  682 13.54 1.34  1.05    483.85  449 11.07 -999.0  -999.0   0 0.28 RS  
4584254444564302208 ZTF J180347.32+281656.5      320589245 270.94719  28.28238 1642 12.72 0.67  1.01    805.98  509  0.48   13.07    0.12  1 0.19 RS  
4590786986741783040 ZTF J180408.59+302440.7      258343656 271.03583  30.41133 1788 15.55 1.57  1.05    512.22  459  3.51   31.04    0.05  1 0.14 SSG 
2114214285866657536 ZTF J180412.39+432428.1      198593416 271.05166  43.40782 1736 14.66 1.11  1.03    413.87  390  4.11    2.05    0.06  2 0.14 RS  
4501532240572880384 ZTF J180417.93+154105.8      267537726 271.07474  15.68497 1628 14.58 1.25  1.05    426.82  384  1.18   27.59    0.05  1 0.42 RS  
4579132232209473920 ZTF J180422.32+240115.2      320671443 271.09302  24.02089 1752 14.34 1.18  1.07    646.58  575  1.1    24.83    0.19  1 0.28 RS  
4604544557264214272 CSS_J180425.3+335811         258347357 271.10575  33.96986  590 13.17 1.46  1.18    585.96  429 11.21   11.29    0.22  1 0.18 SSG 
4495177991079688320 ZTF J180442.31+110517.3      399386634 271.17631  11.08815 1681 14.29 1.33  1.0     583.27  588  0.9  -999.0  -999.0   0 0.38 RS  
4576742100092276608 ZTF J180448.54+224939.6      135364107 271.20227  22.82768 1968 14.56 1.34  1.07    690.5   599  5.72   24.83    0.04  1 0.32 RS  
4482655653147637504 ZTF J180451.84+095942.2      399384585 271.21601   9.99506  941 14.38 1.49  1.02    572.68  554  6.03 -999.0  -999.0   0 0.44 SSG 
4495241590956254720 ZTF J180458.27+112838.7      399409816 271.24282  11.47742 1573 14.68 1.27  1.01    642.94  625 18.0  -999.0  -999.0   0 0.34 RS  
6701698782063560704 ASAS J180504-5241.2          364697154 271.26542 -52.68625 1620 11.6  1.51  1.36   1983.81  487 41.41   70.99    0.1   1 0.36 RS  
6702801691000981376 QU Ara                       364652100 271.26912 -51.45722 1699 12.27 1.36  1.05    485.85  306 37.23   70.99    0.28  1 0.38 RS  
4611310367705543168 ZTF J180512.08+401127.4       75782942 271.30034  40.19097 1742 14.68 1.12  1.0     402.68  399  9.78    9.89    0.05  2 0.12 RS  
2123349406426838912 ZTF J180529.81+502119.6      424386404 271.37421  50.35546  837 12.69 1.06  1.04    523.2   330 13.19   13.41    0.03  3 0.14 RS  
4471371537113377280 ZTF J180552.27+045202.7      399244934 271.46781   4.86742 1788 14.47 1.64  1.04    295.65  280 10.03 -999.0  -999.0   0 0.43 SSG 
4498003903461286272 ZTF J180553.78+134745.0      287038545 271.47409  13.79586 1599 15.42 1.5   1.06    503.08  440 13.58   27.59    0.38  1 0.39 SSG 
2152078923705866624 ZTF J180558.14+581308.8      353876642 271.49227  58.21913 1866 15.1  1.17  1.02    334.56  315 21.48   29.72    0.03 13 0.13 RS  
2260171293357872128 ZTF J180651.78+702404.3      219113227 271.71576  70.4012  1815 15.12 1.23  0.97    247.85  263  2.35    2.36    0.07 13 0.11 RS  
6707215100624157312 V0832 Ara                    365014902 271.75104 -48.24728  183  6.89 1.17  1.76   1979.67  246 34.6    25.81    0.04  1 0.37 cut 
4498913444396448000 ZTF J180701.38+155054.2      286676831 271.75579  15.84841 1634 14.39 1.35  0.99    536.56  547 13.9    15.48    0.02  1 0.38 RS  
2113356563718201344 ZTF J180710.34+405412.5       75835448 271.7931   40.90349 1801 15.19 1.38  1.0     330.61  329  2.21    2.21    0.07  2 0.12 SSG 
4527508855614868992 ASAS J180724+1942.4          135530033 271.8505   19.70636  241  9.01 1.5   1.03   1129.77  582 33.31   19.1     0.07  1 0.26 RS  
2112554332546997504 PQ Her                        75879208 271.88567  40.25756  540 12.39 1.36  1.1     707.71  420  4.57    4.55    0.08  2 0.13 SSG 
2123138094036801280 ZTF J180851.02+500014.1           -999 272.21259  50.00392 1704 14.85 1.17  0.94    261.3   290 21.45   16.76    0.03  3 0.16 RS  
4605224570846389120 ZTF J180915.10+335250.4      180720117 272.31295  33.88068 1675 14.75 1.22  1.03    505.41  467  0.94   13.8     0.11  1 0.17 RS  
4496919789298052608 ZTF J180947.62+122931.7      150313250 272.44845  12.49215 1754 15.16 1.47  1.03    752.41  700 22.36 -999.0  -999.0   0 0.46 RS  
2113883435945649152 ZTF J181003.02+420327.4        7617048 272.51261  42.05762 1620 15.07 1.2   1.02    352.17  334  3.3     3.28    0.1   2 0.13 RS  
4035976580528063488 ASAS J181034-3841.4          331762383 272.64342 -38.68925 1211 11.26 1.55  0.96    825.7   318 18.0    18.93    0.13  1 0.34 RS  
4527939314417074688 ZTF J181117.38+203015.6      235611232 272.82245  20.50434 1850 15.06 1.22  0.96    727.12  772  5.68   24.83    0.04  1 0.24 RS  
4482892254309205120 ZTF J181202.79+103401.2      338593981 273.01163  10.56701 1105 14.35 1.38  0.98    246.12  261 11.19 -999.0  -999.0   0 0.49 RS  
4527819089691985024 ZTF J181209.60+194858.1      285398735 273.04     19.81615 1471 15.54 1.54  1.08    695.15  584  1.58   31.04    0.01  1 0.28 SSG 
4482021166222025984 ZTF J181209.88+093824.5      338596204 273.04118   9.64014 1363 13.35 0.89  0.93    261.47  305  0.47 -999.0  -999.0   0 0.5  RS  
4591314443086242304 ZTF J181247.25+314627.0      180845019 273.19688  31.77419 1340 13.59 0.95  0.99    399.0   410  3.67   24.83    0.03  1 0.15 RS  
4578837253855369984 ZTF J181305.46+243559.0      313985038 273.27279  24.59974 1447 13.03 1.43  1.03    565.55  509 25.21   24.83    0.14  1 0.4  RS  
4605103590207895552 ZTF J181322.31+340251.2      180851045 273.34299  34.04756 1608 14.61 1.14  0.99    440.42  444 10.07   49.67    0.02  1 0.21 RS  
4605779583700253056 ZTF J181349.51+350457.5      180887373 273.45632  35.08265 1454 14.05 1.2   1.01    410.38  407  1.05   13.8     0.04  1 0.2  RS  
4482969838599084032 ZTF J181407.65+104831.4      338975141 273.53189  10.80874 1985 16.18 1.48  1.07    278.39  239  3.29 -999.0  -999.0   0 0.42 SSG 
4527977934763467648 ZTF J181423.80+203827.9      329596638 273.59918  20.64109 1740 15.46 1.52  1.0     723.82  716  5.15   14.61    0.02  1 0.25 SSG 
2112449878942747264 ZTF J181424.77+404246.3       76192349 273.60324  40.71287 1868 14.9  1.33  1.05    438.32  394 16.33   20.69    0.01  1 0.15 RS  
2112839380936467712 ZTF J181450.95+405219.9       76252546 273.7123   40.8722  1177 14.58 1.3   1.04    330.0   306  2.52    2.51    0.13  1 0.1  SSG 
2115543423625922560 ZTF J181459.73+461142.0      416105725 273.74888  46.195   1101 13.81 1.24  1.03    376.98  363 24.27   22.58    0.01  3 0.09 RS  
2124003199232998016 ZTF J181500.75+510042.3      366119771 273.75314  51.01176 1725 14.86 1.21  0.95    288.61  318 10.27   15.73    0.01  4 0.12 RS  
4497508852654938496 ZTF J181505.56+140033.1      166406467 273.7732   14.0092  1489 14.92 1.58  1.06    725.52  647  3.83   24.83    0.06  1 0.37 SSG 
4527959071267069568 ZTF J181513.92+202541.4      158080770 273.80801  20.42819 1889 15.58 1.49  0.97    511.94  531  7.02   16.56    0.01  1 0.31 SSG 
4589806394169287168 ZTF J181518.44+290743.4       84784701 273.82687  29.12874 1741 14.54 1.19  1.14    591.0   452  8.17    8.01    0.02  1 0.27 RS  
2109156704179279104 ZTF J181554.85+385333.5       76299119 273.97857  38.89264 1860 14.62 1.03  0.95    350.77  381  5.03    5.07    0.14  1 0.07 RS  
4590264787439605376 ZALD J18163130+3052175        23005605 274.13042  30.87153  787 10.13 1.44  1.1     894.83  397 25.79   24.83    0.05  1 0.24 RS  
4484889620258719872 ZTF J181636.40+121522.9      335381626 274.15168  12.25638 1395 13.95 1.41  1.02    235.52  235 31.38 -999.0  -999.0   0 0.46 RS  
2115440516209286016 ZALD J18164368+4528007         7773469 274.182    45.46686  834 10.85 1.26  1.19   1030.76  378 36.59  256.25    0.02  3 0.11 RS  
2115465942415697920 ZTF J181655.21+453409.2        7773406 274.23008  45.56925 1706 13.74 1.19  1.03    437.4   415  4.15    4.14    0.07  3 0.12 RS  
4586729342160494976 ZTF J181737.57+283903.8      258396846 274.40655  28.65106  819 14.67 1.73 37.27 598981.5   443  2.18   13.07    0.04  1 0.26 cut 
4482184271902755840 ZTF J181800.02+103031.7      317202438 274.50011  10.50882 1431 15.08 1.26  0.99    278.01  282  5.24 -999.0  -999.0   0 0.48 RS  
4589948299889163136 ZTF J181803.93+295226.7      258481288 274.51638  29.8741  1563 13.75 0.96 15.35 102366.52  437  0.56   24.83    0.08  1 0.26 cut 
2160647520900712192 ZTF J181812.98+623838.5      233151424 274.55411  62.64405 1442 15.14 1.38  0.93    264.21  303 13.39   13.41    0.02 13 0.1  SSG 
2121296377700265344 CSS_J181914.4+460139           7799197 274.81017  46.02756  868 14.06 1.49  0.99    282.23  302  3.26   20.62    0.03  3 0.11 SSG 
2107999051576496896 ZTF J181920.72+370414.5      321849486 274.83636  37.0707   877 12.62 1.03  0.94    506.64  391 19.89   19.1     0.04  1 0.08 RS  
2260504136143613824 ZTF J181922.06+711453.6      406855040 274.84192  71.24823 1821 15.49 1.49  0.92    279.79  322  2.72   23.96    0.01 12 0.14 SSG 
2121851356194459264 ZTF J181932.66+472037.7        7798324 274.8861   47.34383 1238 14.45 1.17  1.05    365.27  330  6.15    6.1     0.02  3 0.08 RS  
4605637643621373696 ZTF J181954.59+350624.6       23336454 274.97746  35.10685 1315 14.18 1.11  0.94    381.29  436  4.16    0.66    0.04  1 0.15 RS  
2114599699052107264 ZTF J182104.56+425512.7        7850346 275.269    42.92021 1562 15.12 1.23  1.03    414.19  391  9.59   15.52    0.01  1 0.12 RS  
4530156101659485568 ZTF J182115.99+224711.6      333238384 275.31663  22.78658 1378 15.38 1.52  1.02    798.77  749 13.09   27.59    0.13  1 0.39 SSG 
4528869673063050752 NSVS 11009816                     -999 275.32171  21.33229 1701 12.87 1.3   0.92   1455.07  943 21.7    15.52    0.03  1 0.4  RS  
4586361589880599168 UCAC4 588-064141              85165541 275.61381  27.54297  718 12.7  1.25  1.19   1044.34  517 13.69   13.8     0.11  1 0.32 RS  
2107798841678893056 ZTF J182229.55+364512.2      288619921 275.62314  36.75341  574 13.0  1.28  1.14    714.05  399  2.92    2.92    0.18  1 0.09 RS  
4591869352861172992 ZTF J182235.40+315033.9       23531550 275.64753  31.84276 1479 13.83 1.12  0.97    337.42  358 19.03   24.83    0.06  1 0.3  RS  
4591539018337149696 ZTF J182253.81+310136.5       23571340 275.72423  31.02681 1269 13.89 1.01  0.95    412.01  458  1.93   27.59    0.05  1 0.34 RS  
4584668445053824000 ZTF J182258.96+245007.2       85256078 275.74567  24.83535 1773 15.49 1.62  1.02    616.44  581  8.32   27.59    0.19  1 0.35 SSG 
2109798063054786432 ZTF J182300.22+402217.8      288644176 275.75095  40.37163  739 13.2  1.34  1.0     338.09  337  3.86    3.82    0.02  1 0.13 RS  
2124262001078810368 ZTF J182301.03+512518.1      284192871 275.7543   51.42171 1741 15.07 1.39  1.05    345.95  314  6.72   12.39    0.01  4 0.11 SSG 
2107901542936238592 ZTF J182320.15+365840.9      288647299 275.83397  36.97804 1597 14.01 1.05  1.03    409.28  391  1.79    1.8     0.05  1 0.1  RS  
2108632168413443200 ZTF J182330.83+385547.8      288645476 275.87846  38.92996 1313 14.54 1.23  1.05    420.11  379  3.92    3.94    0.12  1 0.12 RS  
2095660233308834176 ZTF J182354.29+353850.7       23936410 275.97622  35.64744 1291 13.63 1.08  1.3     716.47  426  0.21   27.59    0.15  1 0.11 RS  
2160004100439804800 ZTF J182403.16+624403.5      233712210 276.01318  62.73432 1126 13.36 0.98  1.09    323.09  275 12.34   12.29    0.01 12 0.11 RS  
2157509514715485056 ZTF J182416.07+582336.8      389917532 276.06699  58.39358 1145 12.74 0.93 19.34 195601.08  354  2.75    2.74    0.05 13 0.14 cut 
2148440330492618624 ZTF J182436.32+524650.9      284294975 276.15136  52.78083  989 13.9  1.35  1.09    424.65  364  2.84    2.83    0.27  5 0.09 SSG 
2123452004606162176 ZTF J182441.65+481802.4      284297590 276.17355  48.30068 1159 13.97 1.17  1.15    520.81  395 10.41   10.3     0.06  2 0.11 RS  
2112123598866787200 ZTF J182514.72+440022.7      230290205 276.31135  44.00631 1556 14.64 1.12  1.05    411.62  369  3.47    2.6     0.05  2 0.15 RS  
2112168575764643584 ZTF J182559.37+443830.6      230294342 276.4974   44.64186 1613 15.14 1.31  1.88   1354.96  377  2.49   18.74    0.02  2 0.14 cut 
4585317500512141952 ZTF J182603.36+263558.6      235731048 276.51404  26.59962 1774 15.27 1.46  1.06    560.46  491  6.53   31.04    0.03  1 0.3  SSG 
2266582545659134208 ZTF J182624.16+715019.2      256297997 276.6007   71.83868 1625 15.7  1.39  1.94    828.49  217 16.26   16.52    0.05 13 0.15 cut 
4530255774958464512 ZTF J182625.78+232053.7      342578672 276.60743  23.34827 1325 14.59 1.53  0.97    611.7   658  6.02    6.06    0.22  1 0.31 SSG 
2260387209953779584 ZTF J182637.69+701807.7      256298466 276.65708  70.30215 1376 14.63 1.28  1.06    413.02  365  6.11   23.3     0.02 13 0.2  RS  
4592333759085566848 ZTF J182638.48+330410.8      321919980 276.66037  33.06969 1679 14.5  1.38  1.13    533.45  424 13.44   27.59    0.09  1 0.26 RS  
2108327157015494784 ZTF J182725.76+374746.4      288960495 276.85734  37.79623 1898 14.69 1.18  1.05    435.72  394  8.46 -999.0  -999.0   0 0.1  RS  
4536704930352786688 ZTF J182737.50+250627.1      424507713 276.90627  25.10753 1258 14.12 1.46  1.03    600.56  582  5.6    22.58    0.09  1 0.34 RS  
2118254888019733888 ZTF J182900.07+452511.5      357794918 277.25031  45.41987 1578 15.36 1.4   1.01    377.19  362  2.36  140.96    0.02  2 0.15 SSG 
4528994227108030848 ZTF J182925.99+212422.8      235622744 277.3583   21.40635  775 13.48 1.27  0.98    662.72  691  8.74   24.83    0.2   1 0.43 RS  
4537186035410671104 ZTF J182928.90+255657.5      423253994 277.37044  25.94931 1624 13.34 1.25  1.09    601.81  512 34.13   27.59    0.04  1 0.25 RS  
4588255498659830144 ZTF J182951.33+294558.7      423259571 277.46389  29.76631 1638 14.76 1.23  1.03    499.63  468 13.07   13.8     0.16  1 0.39 RS  
4536505059757109888 ZTF J183037.66+245248.5      424601321 277.65694  24.88014 1285 14.66 1.19  1.06    676.54  602  3.52   35.48    0.02  1 0.29 RS  
2108498509031636096 ZTF J183040.75+385010.7      289168754 277.66983  38.83633 1695 14.88 1.25  1.17    518.33  377 11.53   13.36    0.03  2 0.1  RS  
4536497294455856128 ZTF J183050.64+243858.4      424633140 277.711    24.64957 1284 14.49 1.13  1.0     605.96  607  0.56    0.56    0.05  1 0.27 RS  
2151042359118998784 ZTF J183059.78+561155.9      390021594 277.74912  56.19888 1313 13.85 1.23  0.9     268.48  340 22.72   18.3     0.03 13 0.15 RS  
2121075307143560192 ZTF J183138.62+500501.9      237155438 277.91092  50.08387 1410 14.56 1.14  1.01    401.33  390 18.64   19.1     0.09  3 0.15 RS  
4592190925653384832 UCAC4 615-062229              27582250 277.92005  32.98278  926 13.21 1.05  0.97    404.71  423  7.67    6.71    0.0   1 0.2  RS  
2157962199971996928 ZTF J183145.32+602006.0      233735843 277.93884  60.335    635 12.13 1.2   1.11    690.4   340  3.38    3.38    0.05 13 0.14 RS  
4587213951910771072 ZTF J183148.05+282236.2      392533833 277.95021  28.37673 1872 14.07 1.17  0.99    497.61  510  3.95    4.01    0.04  1 0.4  RS  
4588624247372575488 ZTF J183250.11+301626.2       27696707 278.20883  30.27395 1223 14.37 1.3   1.05    448.16  411  8.22    8.01    0.09  1 0.36 RS  
2108440200555460352 ZTF J183254.93+384625.4      289373920 278.22891  38.77375 1396 14.45 1.29  0.92    283.2   333 16.16   24.97    0.09  2 0.12 RS  
2117989081084249728 ZTF J183341.13+445136.3      122892618 278.4214   44.86011 1177 14.04 1.18  1.1     377.32  318  0.91   10.33    0.03  2 0.14 RS  
2094629544237351424 ZTF J183343.72+345117.4       27704372 278.43219  34.85485 1809 14.46 1.01  0.99    406.47  419  1.71   20.69    0.01  1 0.16 RS  
4588620433441572480 ZTF J183405.08+302452.0       27791021 278.5212   30.41445 1690 15.18 1.26  1.05    564.09  504 12.06 -999.0  -999.0   0 0.39 RS  
4588645790928473344 ZTF J183441.41+302941.2       27854377 278.67256  30.49478 1391 15.05 1.55  1.01    493.39  484  4.42   41.39    0.01  1 0.39 SSG 
4536930295878664832 ZTF J183446.15+253311.3      322350924 278.69231  25.55315  946 13.94 1.2   1.02    574.12  553  1.11 -999.0  -999.0   0 0.29 RS  
2117994990959281664 ZTF J183518.00+444241.1      123007626 278.82503  44.71143 1871 14.71 1.06  0.98    358.92  370  8.19   16.16    0.07  2 0.16 RS  
2145078814209310720 ZTF J183541.34+512357.5       47626382 278.92227  51.39931 1614 14.18 1.18  0.99    320.42  330  9.29    9.15    0.02  3 0.13 RS  
4588654449583381504 ZTF J183545.57+304252.1       27895278 278.93988  30.71449  978 14.07 1.34  1.01    468.88  467 21.93   11.83    0.02  1 0.34 RS  
2144950824183975808 ZTF J183600.76+504143.6       47630468 279.00317  50.69546 1000 13.9  1.23  1.18    429.86  342 11.99   12.3     0.04  4 0.12 RS  
2094647200843483520 ZTF J183604.26+350057.4       27856206 279.01779  35.01595 1541 14.89 1.39  1.03    421.87  396  8.32 -999.0  -999.0   0 0.17 SSG 
2160206204420734976 ZTF J183649.84+630616.6      383676640 279.2077   63.10463  908 13.82 1.41  0.97    231.29  257  4.48    4.48    0.17 12 0.14 SSG 
4539020398761778048 ROTSE1 J183703.58+280017.1   322604619 279.26488  28.00514  918 10.95 1.42  1.04   1283.79  538 23.82   27.59    0.12  1 0.37 RS  
4532037778372428928 ZTF J183710.41+213541.2        8524421 279.29341  21.5948  1463 14.22 1.53  1.06    707.58  643  1.1    27.59    0.06  1 0.47 RS  
2144870211940474624 ZTF J183748.49+501322.1       47675459 279.45206  50.22282 1770 14.77 1.12  1.17    516.64  375  5.73   15.07    0.04  2 0.22 RS  
2094353837398616960 V0665 Lyr                     28124546 279.60546  34.11233  648  9.83 1.2   0.87    488.89  350 19.7    19.1     0.07  1 0.2  RS  
2259576629365443328 ZTF J183847.94+695513.6      229742545 279.69978  69.92045 1765 14.22 1.22  0.98    290.42  306  9.38    9.43    0.09 12 0.17 RS  
2091246037721460480 ZTF J183913.48+331430.4       68187517 279.8062   33.2418  1663 15.17 1.4   0.99    397.75  400  2.78   24.83    0.08  1 0.23 SSG 
4535721314124063104 ZTF J183934.90+235130.8      346143503 279.89543  23.85856 1469 14.36 1.37  1.07    738.85  650 19.93   22.58    0.03  1 0.31 RS  
2117601468876559104 ZTF J183956.29+451127.7      383751171 279.98458  45.19103 1998 14.85 1.39  1.0     399.44  395  5.9     5.94    0.1   2 0.2  RS  
4532178618940525440 ZTF J184001.45+221421.8      346062478 280.00608  22.23941 1549 15.62 1.5   1.01   1038.52  987  1.12 -999.0  -999.0   0 0.46 SSG 
4536173453920371200 ZTF J184049.75+252502.7      317176236 280.20733  25.41743 1535 14.73 1.51  0.99    597.97  619  8.91 -999.0  -999.0   0 0.35 SSG 
2096836573312228608 ZTF J184103.09+373504.4      157807705 280.2629   37.58457 1326 13.57 1.01  1.07    430.71  376  2.48   34.76    0.04  2 0.17 RS  
4535882117699868672 ZTF J184257.27+243150.3      317569191 280.73865  24.53065 1659 15.38 1.38  0.96    598.56  638  1.1  -999.0  -999.0   0 0.32 RS  
2144013696679825920 ZTF J184352.23+491243.1       47936508 280.96763  49.21198 1640 14.54 1.43  1.0     265.7   273  4.18    4.22    0.08  2 0.18 SSG 
2147234372395117312 ZTF J184358.25+534308.7       47933485 280.99274  53.71909 1018 13.36 1.23  0.99    326.42  338  5.76    5.78    0.1   6 0.11 RS  
2090216757400402048 ZTF J184404.51+322012.6       68629390 281.01881  32.33684 1447 13.71 0.94  1.02    414.17  404  9.15    9.2     0.02  1 0.21 RS  
2144831561532149760 ZTF J184418.99+523149.1       47934220 281.07916  52.53033 1855 14.9  1.1   0.96    279.65  296  2.71    2.74    0.05  6 0.11 RS  
4539086438179256960 ZTF J184424.26+273549.3      317724727 281.10112  27.59704 1343 14.87 1.33  1.04    543.91  502  1.07   22.58    0.12  1 0.48 RS  
2119940989101165952 ZTF J184449.94+483055.6       47938032 281.20809  48.51546 1113 13.96 1.18  1.03    366.57  348 19.35   29.63    0.03  2 0.18 RS  
2091473155593453440 ZTF J184452.43+334841.5       68668744 281.21847  33.81153 1300 14.28 1.43  1.04    464.68  442 11.59   12.3     0.07  2 0.19 SSG 
2157114034126662528 ZTF J184502.33+623259.6      233541790 281.25971  62.54991 1428 13.86 1.01  1.1     303.97  255  1.09   13.41    0.05 12 0.15 RS  
2098227318081823360 ZTF J184514.24+394339.5      336208542 281.30934  39.72766 1729 14.23 1.1   0.99    344.3   349 11.85 -999.0  -999.0   0 0.31 RS  
2097364991728613248 Gaia DR2 2097364991728613248 336209704 281.39688  38.74206 1545 13.7  1.2   1.05    403.01  368  8.05   23.48    0.13  2 0.27 RS  
2096670134739882112 ZTF J184623.45+372430.1      336320890 281.59772  37.40837 1560 14.43 1.35  0.98    382.03  400 16.42  133.11    0.09  2 0.16 RS  
2154623605930112896 ZTF J184633.62+584256.2      232646322 281.64011  58.71562 2000 14.45 1.03  0.98    337.33  351  8.79    9.12    0.05  7 0.11 RS  
2091422887295884672 ZTF J184648.11+333716.5       28399812 281.70046  33.62126 1460 14.37 1.4   1.01    388.81  388 24.19   16.16    0.02  2 0.17 SSG 
2105255190248353792 V0669 Lyr                    123362693 281.77617  43.67628  660 10.98 1.42  0.88    612.39  355 39.64   44.55    0.25  2 0.15 RS  
2041661190047709824 ZTF J184709.20+301136.3       28349240 281.78834  30.19342 1559 13.54 1.02  1.01    456.69  451  9.52   14.61    0.01  1 0.38 RS  
4538241222974700160 ZTF J184721.01+265436.6      336841522 281.83756  26.91019  983 13.83 1.41  1.05    510.23  480 18.69   19.1     0.21  1 0.44 RS  
2154611098985410560 ZTF J184729.74+590137.4      232647578 281.87392  59.02706 1786 14.12 0.93  1.04    355.86  331 13.36   26.75    0.01 11 0.1  RS  
4538228269353275008 ZTF J184754.75+265032.3      337011182 281.97816  26.84233 1184 13.85 1.21  0.99    480.07  494  0.84    2.73    0.04  1 0.43 RS  
2147047833376302080 ZTF J184754.76+551139.0      232652146 281.9782   55.19417  779 12.92 1.15  1.15    896.95  371  7.26    7.37    0.05  7 0.13 RS  
2105275050177174400 ZTF J184807.69+433936.2      351803480 282.03207  43.66006 1800 13.66 0.94  1.04    384.39  358  8.77   16.62    0.07  2 0.14 RS  
2119536368822436608 KIC 10120296                 351898198 282.04872  47.14529  935 12.77 0.92  1.03    513.94  323  3.81   21.6     0.04  2 0.17 RS  
2253412973338518784 V0530 Dra                    233575413 282.12283  64.39114  326 10.85 1.24  2.9    4918.35  319  5.28    5.26    0.11 13 0.14 cut 
2098264632756699520 ZTF J184837.40+394259.1      390053651 282.15587  39.71642 1873 15.32 1.48  1.02    399.75  376  7.11   49.77    0.05  2 0.29 SSG 
2144364990644856576 ZTF J184855.22+502214.9       48133531 282.23012  50.37082  954 13.66 1.12  0.95    335.88  373  8.53    8.33    0.03  2 0.14 RS  
2041578314360417152 ZTF J184910.53+294909.1           -999 282.2939   29.81921  957 13.78 1.2   0.95    388.16  410 10.0    11.29    0.04  1 0.45 RS  
2104379429236015744 ZTF J184912.29+404741.3      390128395 282.30123  40.79481  798 12.9  1.19  1.1     732.03  361  7.19    7.17    0.02  2 0.31 RS  
2146817485690028416 ZTF J185020.15+535128.0       48193646 282.58396  53.85778  868 13.48 1.11  1.08    411.81  356  7.81    8.0     0.05  6 0.13 RS  
4538072516662610304 ZTF J185049.89+270306.5       82517207 282.70791  27.05183 1527 14.7  1.42  0.98    559.11  577 11.88   49.67    0.05  1 0.48 RS  
2144536102142414080 ZTF J185121.74+513608.6       48195320 282.84061  51.6024  1895 14.96 1.19  1.05    398.19  354 11.09   25.39    0.07  4 0.11 RS  
2090723151225602816 ZTF J185146.57+334303.0       28766844 282.94406  33.71752 1911 13.52 0.87  0.9     324.72  406  1.77   12.18    0.09  2 0.21 RS  
2090705112362236416 ZTF J185217.81+333153.6       28774115 283.07421  33.53158 1470 14.66 1.4   1.0     445.07  449 11.74   25.62    0.13  2 0.2  SSG 
2090284514804458240 ZTF J185258.30+321032.3       28939426 283.24295  32.17564 1783 14.42 1.38  1.11    483.16  398 10.84   23.37    0.03  2 0.34 RS  
2146191932293860736 ZTF J185258.42+525051.1       48222614 283.24345  52.84754  985 13.68 1.18  0.99    308.88  325  7.08    7.14    0.02  5 0.17 RS  
4538216655765696384 ZTF J185306.93+274246.2      358526881 283.27888  27.71284 1650 15.02 1.22  1.02    508.67  484  1.24   24.83    0.2   1 0.43 RS  
2292786484729259136 ZALD J18531376+7722237       376869209 283.30733  77.37325 1609 13.05 1.32  1.16    479.15  332 55.52   29.18    0.03 12 0.2  RS  
2090408450381466624 ZTF J185319.44+324351.8       28938413 283.33101  32.73106 1087 13.7  1.17  1.02    473.13  459  7.08   23.48    0.01  2 0.23 RS  
2093320713086137088 ZTF J185326.78+360515.1      237182544 283.36161  36.08755 1753 15.07 1.2   0.94    361.06  399  2.13   34.41    0.08  2 0.23 RS  
2106650470503634944 ZTF J185354.11+441336.7      164528508 283.47548  44.22688 1339 14.32 1.13  0.92    306.77  365  0.93   12.92    0.04  2 0.17 RS  
2094111669961089920 ZTF J185440.11+375203.6      237194601 283.66716  37.86767 1191 12.19 1.31  1.01    597.39  382 14.94   15.21    0.02  2 0.24 RS  
2153179534846621952 ZTF J185441.64+562155.8      236817404 283.67353  56.36551 1417 14.71 1.4   0.99    324.74  335  2.43    2.43    0.11 12 0.17 SSG 
2153725098771984512 GSC 03927-00285              236816444 283.75346  57.71483 1198 13.11 1.16  1.0     305.52  291 16.45   16.52    0.06 13 0.15 RS  
2155921888644557312 ZTF J185506.82+604426.6      233614334 283.77845  60.74073 1083 13.4  1.14  0.92    251.26  300  0.49    1.45    0.05 12 0.15 RS  
2093237871756597504 ZTF J185516.97+354051.6       20355764 283.82074  35.68102 1264 13.43 1.39  1.02    443.3   433 17.13   17.22    0.26  2 0.24 RS  
2042298902489102848 ZTF J185639.02+320144.1      383826414 284.1626   32.02894  863 12.56 0.94  0.92    478.44  387  1.9     0.95    0.02  2 0.26 RS  
2153412047196231168 GSC 03927-01301              376978557 284.29425  57.0295  1263 14.27 1.5   0.98    315.28  337  4.98    4.99    0.09 13 0.16 SSG 
2103420929975172992 ASAS J185804+4022.5          120255329 284.51671  40.37428  913 10.88 1.29  1.07    953.42  416 24.05   22.73    0.09  2 0.41 RS  
4535031782898946944 ZTF J185830.70+263705.6           -999 284.62793  26.61824 1885 15.88 1.5   1.04    654.33  569  0.69    0.13    0.01  1 0.48 SSG 
2155289428940130432 ZTF J185856.30+583506.7      376996361 284.73461  58.58522 1562 13.96 1.18  1.1     311.6   264  4.55    4.55    0.07 11 0.14 RS  
2153356762376955392 GSC 03927-01130              377052066 284.87333  56.42297  669 10.44 1.15  1.11    844.0   328  8.3     4.14    0.04  9 0.15 RS  
2155404637142888192 ZTF J185945.69+591117.1      377054055 284.94041  59.18809  804 12.67 1.1   1.06    615.35  375  5.39    5.4     0.07 13 0.19 RS  
2105994886696359296 ZTF J190005.47+445327.2      164831263 285.02282  44.8909  1329 14.34 1.25  1.0     347.69  353  4.39    4.42    0.07  2 0.17 RS  
2093010960044434944 ZTF J190029.54+364015.7      120493780 285.1231   36.67105 1597 13.0  1.04  0.95    548.32  367 25.6    11.66    0.01  1 0.22 RS  
2155975764713926784 GSC 04216-00800                   -999 285.30671  60.686   1254 11.2  1.3   0.93    779.11  299 32.7    30.56    0.06 12 0.14 RS  
2155056160676736512 ZTF J190137.75+580631.6      377105085 285.40732  58.10879 1995 14.76 1.25  0.99    300.87  307 26.35   24.98    0.07 13 0.15 RS  
2099914071999639040 ASAS J190148+3807.0          120500987 285.45083  38.11722  849 13.49 1.47  1.03    420.85  406 14.89   14.75    1.3   2 0.27 SSG 
2093026490645956992 ZTF J190224.53+364559.0      120568956 285.60223  36.76639 1622 14.98 1.16  0.94    349.67  392 12.98   20.62    0.09  1 0.26 RS  
2303128315004750464 SERIV 137                    417617201 285.61117  85.02439 1359 11.21 1.51  0.84    711.96  354 32.2    28.47    0.06  5 0.37 RS  
2103961443020414080 ASAS J190254+4139.5          120577694 285.72487  41.65869  665 12.43 1.41  0.91    443.93  394 16.51   16.66    0.1   2 0.25 RS  
2040937677038919168 ZTF J190317.34+301059.0       41966304 285.82225  30.18307 1178 13.63 1.32  1.05    531.01  490  6.08   14.9     0.11  1 0.36 RS  
2103782772380220416 ZTF J190326.20+404904.4      120686287 285.85917  40.81789 1733 14.63 1.46  4.75   8702.6   388  9.97    7.4     0.03  2 0.31 cut 
2100017872768336256 ASAS J190333+3829.2          120638186 285.88862  38.48686  778 12.84 1.41  1.65   1622.47  408  2.88    2.88    0.22  1 0.32 cut 
2099967844989219072 ZTF J190341.46+382021.8      120637965 285.92278  38.33939 1363 14.28 1.37  1.04    423.62  397  2.61 -999.0  -999.0   0 0.36 RS  
2041164348230603776 ZTF J190345.14+303853.3       41969198 285.93811  30.64816 1877 14.8  1.11  1.01    450.55  437  1.82   26.81    0.01  1 0.44 RS  
2092750719386477568 ZTF J190402.38+360018.3      120758991 286.00994  36.00509 1672 14.65 1.17  1.05    474.19  432  6.56   22.34    0.04  1 0.22 RS  
2153436408250315392 ZTF J190403.62+565923.4      377192999 286.01512  56.98985 1226 13.57 1.06  1.02    336.72  327 10.19   11.19    0.03 11 0.17 RS  
2134621152959433984 ZTF J190412.21+533405.0      405714025 286.05089  53.56808 1482 14.69 1.25  0.92    267.91  317 16.18   17.07    0.08  4 0.14 RS  
2132035582647967104 ZTF J190509.91+490545.3      405718718 286.29132  49.09593 1926 14.48 1.11  1.0     338.69  341 10.55   15.68    0.03  2 0.2  RS  
2264578032882248448 ZTF J190510.46+723740.1      362227287 286.29362  72.62781  958 14.44 1.61  1.09    312.11  275  9.59    9.77    0.09 12 0.33 SSG 
2130709193668772224 ZTF J190522.36+472221.7      158175945 286.34317  47.37272  972 12.59 1.01  1.02    420.25  276  5.49    5.5     0.05  2 0.15 RS  
6364286563599950592 FH Oct                       398404608 286.35438 -78.44558  419 10.96 1.28  0.89    796.67  439  2.8     2.81    0.07  2 0.46 RS  
2042703183474289536 ZTF J190631.81+311616.5       42452304 286.63257  31.27127 1001 13.33 1.06  0.91    362.19  437  3.5     3.53    0.02  1 0.49 RS  
2106072814582280320 V0675 Lyr                    158318872 286.69413  44.02939 1130 12.88 1.17  1.1     765.88  373  7.0     6.89    0.1   2 0.17 RS  
2044400382750457216 ZTF J190650.30+341326.2       42444653 286.70961  34.22396 1964 14.35 1.11  1.0     386.58  388  8.58    8.12    0.1   1 0.23 RS  
2141441801543753472 ZTF J190659.65+570542.3      377295222 286.74857  57.09509 1137 13.62 1.22  0.95    331.36  371  0.92   10.92    0.09 10 0.18 RS  
2130298491716466176 ZTF J190731.71+455252.1      158325387 286.88215  45.88115 1155 14.07 1.21  0.99    368.33  383  2.75    2.74    0.04  3 0.17 RS  
2098736288889235968 ZTF J190752.04+362659.8      121046928 286.96686  36.44995  962 12.64 1.24  1.05    584.54  370 11.84   24.37    0.05  1 0.33 RS  
2043321005932423552 ZTF J190755.53+324957.1       42629384 286.98141  32.83253 1188 14.39 1.43  1.02    515.09  503  4.06    4.12    0.07  1 0.24 SSG 
2043321624407784832 ZTF J190813.80+325043.4       42715015 287.05753  32.8454  1916 15.22 1.1   1.16    608.14  445  5.43   14.9     0.01  1 0.23 RS  
2130666828111156864 ASAS J190819+4712.8          158394590 287.07837  47.21336  653 11.96 1.07  0.91    629.02  390  4.9     4.87    0.04  3 0.15 RS  
2134306967512168576 ZTF J190821.92+522521.0      399865285 287.09135  52.42251 1394 14.77 1.29  1.06    359.74  315 11.63  260.0     0.01  1 0.2  RS  
2134306791416506368 V1762 Cyg                    399916610 287.10746  52.42572   72  5.7  1.34  3.78  18063.89  213  1.79 -999.0  -999.0   0 0.2  cut 
2044141001086948992 ZTF J190846.14+334828.7       42814863 287.19228  33.80798 1584 15.12 1.26  1.05    466.2   414 13.14 -999.0  -999.0   0 0.27 RS  
2143134774572594048 ZTF J190903.46+583034.7      416195035 287.26443  58.50965 1638 12.99 1.11  1.11    726.39  334 16.78   17.68    0.05 12 0.2  RS  
4087257081243118592 ZTF J190933.84-180314.9      187953931 287.39102 -18.05416 1267 14.99 1.53  0.95    201.15  224  5.81 -999.0  -999.0   0 0.45 SSG 
2100531241619626368 ZTF J190939.57+395212.8      121216147 287.41491  39.87024 1518 14.46 1.32  0.96    330.57  360  6.2    15.77    0.03  1 0.49 RS  
2142900647315174400 ZTF J190951.54+571254.9      406926627 287.46476  57.21527 1733 15.06 1.15  1.04    328.19  296 19.5    18.76    0.05  9 0.19 RS  
2106192867508368768 ZTF J190953.18+445845.9      158485575 287.47159  44.97943 1329 13.85 1.02  0.98    334.9   353 13.52   38.24    0.02  2 0.29 RS  
2044241709479209344 ZTF J191027.74+340106.0      426121924 287.61561  34.01834 1911 13.44 1.06  1.6    1058.15  417 19.75   38.3     0.04  1 0.3  cut 
2044319843525951744 ZTF J191037.64+342025.7      426115374 287.65686  34.34048 1406 13.44 1.24  1.03    432.04  411  0.95   20.62    0.02  1 0.25 RS  
2102365330094040448 ZTF J191044.41+413325.4      121330876 287.68506  41.55706 1469 13.69 1.25  1.01    363.9   364 10.25   10.31    0.08  1 0.39 RS  
6755551933876228992 V5651 Sgr                     30981628 287.89463 -34.58583  216  9.72 1.13  0.93    401.01  250  3.38    3.39    0.08  2 0.23 RS  
2102983702305432832 ZTF J191145.36+432321.3      158630182 287.939    43.38927 1726 14.69 1.4   2.71   2855.17  390 11.62   24.37    0.01  1 0.15 cut 
4088082604003344512 ZTF J191213.42-162258.4        6579887 288.05594 -16.38291  912 13.71 1.41  0.96    193.38  219  9.64 -999.0  -999.0   0 0.42 RS  
2050374269944511104 ZTF J191301.59+350638.7       29894133 288.25665  35.11075 1059 14.19 1.37  1.06    483.32  438 12.23    6.38    0.06  1 0.3  RS  
2103160551878851072 V0676 Lyr                    158667170 288.26096  44.60439  422  9.95 1.03  0.99    573.49  290  3.57    3.62    0.05  1 0.26 RS  
2099795393463499392 V0760 Lyr                    121597705 288.31083  39.93561  647 10.32 1.43  1.01    741.09  382 52.5    15.77    0.01  1 0.34 RS  
2039440932476525696 ZTF J191344.77+302135.8       29965501 288.43658  30.35996 1875 15.22 1.47  0.96    442.05  472 12.57   14.11    0.19  1 0.48 RS  
2099781031092642560 ZTF J191416.48+395327.6      121658919 288.56869  39.89102 1671 15.0  1.13  1.03    423.07  390 12.34   13.41    0.06  1 0.34 RS  
2142671089903378176 ZTF J191445.96+563257.5      243284940 288.69151  56.54932 1387 14.26 1.15  1.0     315.5   317  0.92   12.38    0.04  7 0.16 RS  
2140156919128081792 ZTF J191533.60+543259.9      421330948 288.89003  54.54998  922 14.19 1.31  1.0     322.86  333  2.82   17.25    0.02  4 0.29 RS  
2051233503918594816 ZTF J191533.75+372746.9      121777252 288.89066  37.46304 1334 13.94 1.33  1.05    413.94  381 17.89   14.11    0.01  1 0.33 RS  
2043121272771418624 ZTF J191555.35+324726.0       30167793 288.98063  32.79056 1414 13.43 1.4   1.08    523.06  455 12.07   12.19    0.27  1 0.44 RS  
2049559909786883584 ZTF J191556.74+345444.6      392728512 288.98642  34.91239 1987 14.84 1.25  1.06    415.41  369  7.05   13.41    0.02  1 0.41 RS  
6712758941319393664 V0753 CrA                     61849366 289.43229 -44.00461  118  9.49 1.35  1.21    578.71  231  9.42    9.42    0.12  2 0.24 RS  
2133042494781338752 ASAS J191806+5011.8          416265627 289.52396  50.19689  740  9.12 1.52  1.03    650.93  339 12.78   12.77    0.1   3 0.26 RS  
2100949708876003328 ZTF J191840.52+390321.2      122072375 289.66887  39.05589 1636 15.41 1.42  1.03    413.94  382  3.68 -999.0  -999.0   0 0.38 SSG 
2139338641959518976 ZTF J191846.58+522446.9      416279430 289.69409  52.41305  749 13.05 1.1   1.24    639.04  361  7.34   15.12    0.01  2 0.35 RS  
2102876152024732672 V2279 Cyg                    159106204 289.72692  43.82389  696 12.61 1.42  1.18    712.36  369  4.13    4.12    0.47  1 0.27 RS  
2127056238085421440 KIC 8748280                  159177457 289.79427  44.95408  822 13.76 1.38  1.02    368.45  361 18.75   15.6     0.01  2 0.36 RS  
2141881468756558080 ZTF J191946.05+563002.7      243333161 289.94188  56.50076 1401 13.98 1.02  1.06    399.43  365  8.16   20.0     0.05  5 0.27 RS  
2050893273790841856 ZTF J191955.16+363453.6      122220159 289.97984  36.58158 1058 12.89 1.36  1.09    705.41  371 20.73   16.76    0.03  1 0.32 RS  
2130058969980702592 ZTF J192111.34+501801.4      406950614 290.29727  50.3004  1927 14.55 1.26  1.02    394.48  377  3.1    14.54    0.09  2 0.22 RS  
2264211689351654784 ZTF J192118.96+712113.1      259005670 290.32901  71.35366 1271 14.0  1.48  0.96    316.58  359  4.19    4.21    0.04 13 0.5  RS  
2140221962112650624 ZTF J192132.33+544822.7      243350940 290.38474  54.80632 1741 14.5  1.07  0.99    279.6   289 20.93   20.35    0.06  4 0.24 RS  
2261299254849203840 ZTF J192225.34+690023.9      259038326 290.60561  69.00666 1883 15.3  1.34  1.04    367.65  339  9.17    9.06    0.04 10 0.27 RS  
2050022185705218944 ZTF J192230.25+352659.1      394329523 290.62607  35.44976 1558 14.55 1.25  3.25   4615.6   436 13.86 -999.0  -999.0   0 0.46 cut 
4082719809063565696 V4138 Sgr                     12534678 290.66792 -20.64292   75  6.3  1.22  1.0     589.68  187 62.02 -999.0  -999.0   0 0.27 RS  
2264832329306023424 ZTF J192247.32+730554.4      420113898 290.69718  73.09846 1973 15.4  1.36  1.17    436.14  318 11.02   11.46    0.06 12 0.44 RS  
2127552598865284736 ZTF J192312.26+461407.0      159518693 290.80112  46.23528  941 13.96 1.45 18.29 113230.79  350  9.73   52.0     0.07  1 0.29 cut 
2136206957966082048 V2496 Cyg                    417679115 290.93742  51.26994  808 12.28 1.3   1.06    566.46  343 13.3    13.9     0.09  2 0.26 RS  
2129538385584873600 KIC 11135986                 417676307 291.04618  48.78891 1324 13.97 1.22  0.95    282.06  321  8.73   18.77    0.02  2 0.21 RS  
2052952693428998272 KOI-5025                     137093404 291.17977  39.09965 1689 14.08 1.03  0.92    308.48  369 14.78 -999.0  -999.0   0 0.35 RS  
2046298071106355968 ZTF J192449.09+334627.5       24365650 291.20455  33.77433 1821 14.05 1.01  1.05    496.81  456  0.21 -999.0  -999.0   0 0.4  RS  
2129183449487791104 KIC 10337935                 159643817 291.21731  47.43017 1538 13.76 1.27  0.98    381.97  403 83.17   29.76    0.02  2 0.26 RS  
2139999929483692032 ZTF J192520.13+542516.1      284559427 291.33389  54.42116 1928 14.66 1.32  1.05    384.03  349 24.11   20.63    0.08  3 0.34 RS  
4187452758369039488 ZTF J192524.09-120423.9      114673714 291.3504  -12.07332 1646 15.7  1.63  0.94    175.3   201  2.14 -999.0  -999.0   0 0.48 SSG 
2101759327391049984 ZTF J192611.47+421458.8      159768166 291.5478   42.24967 1746 14.81 1.45  0.97    345.42  369  7.16   26.81    0.06  1 0.34 RS  
2239623826217079168 ZTF J192706.21+603825.4      230019600 291.77588  60.64039 1298 14.45 1.14  1.05    346.06  311  4.59    4.62    0.04 13 0.18 RS  
2136171739234088192 ZTF J192707.69+511612.6       26487004 291.78208  51.27019 1571 14.41 1.25  2.74   2561.67  341  1.94    1.54    0.02  2 0.35 cut 
2053368308824076928 ZTF J192712.04+394626.4      351065279 291.80019  39.77402 1644 15.1  1.46  0.99    373.62  381  1.07   12.19    0.01  1 0.39 SSG 
6737487335786082816 V4139 Sgr                    269445079 292.02321 -40.83472  285  8.05 1.43  2.04   1483.46  184 44.77   27.73    0.12  2 0.22 cut 
2136376282756734592 ZTF J192812.93+523149.6       26548071 292.05389  52.53046 1255 14.38 1.13  0.96    320.63  346  3.46    3.48    0.07  2 0.46 RS  
2136312923398966400 ZTF J192821.13+520151.6       26548617 292.08808  52.03101  831 12.79 1.43  1.1     612.4   360  3.09    2.31    0.03  2 0.42 RS  
2142507537548940288 ZTF J192822.00+581406.5      352238773 292.09168  58.23514  871 13.33 1.34  0.94    274.79  317 18.16   17.88    0.1   7 0.19 RS  
6744215934631292160 V5840 Sgr                    112827315 292.13338 -35.133    197  9.37 1.15  1.2     588.04  227  3.24    8.76    0.04  2 0.4  RS  
2261468201682454144 ZTF J192902.91+684656.7      259170459 292.26215  68.78244 1150 13.89 1.33  0.96    245.53  279 18.2    17.75    0.03 10 0.24 RS  
2051474193891516800 ZTF J192909.89+362612.0      137494412 292.29122  36.43669 1462 14.02 1.27  2.46   2226.19  373  1.06 -999.0  -999.0   0 0.42 cut 
2141685824406517376 ZTF J192920.84+555659.4      394133371 292.33684  55.94986 1942 15.29 1.13  0.97    313.7   328  0.7    52.0     0.04  5 0.36 RS  
2242543544985906304 ZTF J192935.24+644713.0      229398641 292.39686  64.78695 1544 13.63 0.98  0.91    193.62  237  7.15    7.15    0.04 12 0.29 RS  
2053634218840568320 KIC 6206885                  137559443 292.44401  41.53604 1606 13.93 1.37  1.03    394.09  382 15.92 -999.0  -999.0   0 0.36 RS  
2238787097868467200 ZTF J192952.84+592717.6      287195645 292.47018  59.45489  724 13.04 1.38  1.29    586.37  338 12.34   12.18    0.07 10 0.2  RS  
2129899712593757952 ZTF J192953.79+500240.7      424868420 292.47414  50.04464 1594 14.76 1.52  1.0     377.18  383  3.19  138.94    0.03  2 0.3  SSG 
2046885931873001728 ZTF J193001.01+353955.4       21854747 292.50424  35.66541 1687 14.56 1.15  1.49    817.99  366  2.96   14.11    0.11  1 0.35 cut 
2242629135094585088 ZTF J193004.11+651921.0      229405929 292.51715  65.3225  1331 14.42 1.24  0.99    293.53  304  1.2     5.98    0.05 12 0.25 RS  
2046884901080839808 ZTF J193010.80+353717.7       21854867 292.54503  35.6216  1610 14.25 1.25  1.04    427.12  395  7.19 -999.0  -999.0   0 0.36 RS  
2142100305929603840 ZTF J193016.32+562722.2      287192958 292.56802  56.45617 1063 13.36 1.23  1.03    331.41  315  6.86    6.88    0.05  5 0.27 RS  
2053107758929417728 ZTF J193038.48+391502.3      137689586 292.66035  39.25065 1826 15.62 1.52  1.03    423.47  390  6.58   16.76    0.03  1 0.34 SSG 
2136691876953284608 ZTF J193104.64+522922.8       26663228 292.76936  52.48968 1406 14.66 1.33  1.0     287.05  291  3.52    3.51    0.07  3 0.42 RS  
2142255783746493184 ZTF J193136.22+572111.6      287266968 292.90094  57.35324 1513 14.11 1.18  0.95    297.35  329  1.16    7.27    0.08  6 0.23 RS  
2051440590066660992 ZTF J193201.79+362852.6      137982186 293.00746  36.48128 1438 14.81 1.53  1.12    485.68  392  5.62    5.47    0.02  1 0.37 SSG 
2126484973076663168 ZTF J193238.77+445945.4      275491134 293.16157  44.99597 1822 15.55 1.4   0.94    323.89  361 15.02   26.56    0.02  2 0.39 RS  
2136056118715415168 ZTF J193303.24+511852.1       26811623 293.26353  51.31448 1296 15.02 1.47  1.17    504.17  366 11.18   11.74    0.06  2 0.3  SSG 
2077379649912472832 ZTF J193307.67+410409.1      138100346 293.28196  41.0692  1341 14.23 1.36  1.06    384.52  349  6.53 -999.0  -999.0   0 0.47 RS  
2048351580869398912 ZTF J193322.47+354216.4       40457513 293.34363  35.70458 1443 14.76 1.19  1.02    412.59  393  7.27   26.81    0.08  1 0.32 RS  
2238618425913359616 ZTF J193342.79+585720.1      267814119 293.42833  58.9556  1052 13.04 1.14  1.71    958.32  299  2.78    2.77    0.18  7 0.18 cut 
2048526025262078080 ZTF J193350.55+362701.8      138163424 293.46066  36.45051 1867 15.62 1.25  1.02    447.79  421  3.78   22.34    0.04  1 0.35 RS  
6752360356559059840 ASAS J193352-2955.1          169637169 293.46629 -29.91781  764  9.33 1.53  1.06    307.54  159 40.38   27.04    0.07  2 0.35 RS  
2128823462509005184 KIC 10603977                 270515935 293.47031  47.89565 1138 13.74 1.32  1.53    659.23  289 18.23   17.88    0.05  1 0.3  cut 
2136467370423038464 ZTF J193358.28+514632.0       26883770 293.49287  51.77557  873 12.94 1.27  1.24    879.85  314  8.67    8.38    0.08  2 0.36 RS  
2136029073303753600 ZTF J193440.76+511452.9       26966278 293.66984  51.24803  878 12.67 1.11  1.03    591.57  382  9.04    8.95    0.08  2 0.26 RS  
6869662514781770112 V5844 Sgr                    125390176 293.76583 -18.56578  558  8.69 1.47  1.17    598.95  231 45.6  -999.0  -999.0   0 0.28 RS  
2078153671735865472 ZTF J193513.19+430316.3      270704685 293.80498  43.05455 1926 15.73 1.53  1.15    480.68  357  4.5    17.88    0.01  1 0.35 SSG 
2048149202018252928 ZTF J193520.94+353116.7       41210163 293.83729  35.52131 1460 15.2  1.59  1.64   1365.61  410  3.36   22.34    0.01  1 0.42 cut 
2138627326655929856 ZTF J193544.69+553256.6      275631672 293.93625  55.54907 1865 14.84 1.13  0.98    333.05  341 10.93   18.76    0.04  4 0.33 RS  
2048552069945076736 ZTF J193624.76+364654.4      138562885 294.10317  36.78179 1847 14.77 1.14  0.96    387.81  417  2.38 -999.0  -999.0   0 0.47 RS  
2240910289181433856 ZTF J193624.85+614654.9      229448886 294.10358  61.78192 1038 13.41 1.1   1.24    495.56  325  7.15   17.59    0.02 11 0.14 RS  
2142201873316383616 ZTF J193630.35+570547.4      424696655 294.12646  57.09652 1624 14.6  1.08  1.08    343.38  293  1.8    35.18    0.03  5 0.31 RS  
2128161728309887744 ZTF J193657.11+465516.5      270958692 294.23799  46.92125 1837 15.16 1.28  1.03    353.58  326  7.15    7.23    0.08  2 0.42 RS  
2078191570527917696 ZTF J193713.97+432840.2      270951487 294.30821  43.47785 1639 14.67 1.31  1.01    349.86  344  3.72  146.76    0.01  2 0.37 RS  
2077510079479382400 ASAS J193726+4146.7          377912676 294.35621  41.77722  639 11.28 1.33  0.9     943.54  381  5.21    2.6     0.03  1 0.36 RS  
2128593939457888896 ZTF J193730.46+471711.2      271039731 294.37694  47.28645 1696 14.32 1.15  1.29    626.32  377 12.39   14.57    0.0   2 0.35 RS  
4183568321228510976 ZTF J193801.52-134204.3      439245697 294.50634 -13.70121 1666 15.1  1.48  0.94    236.42  264  4.52 -999.0  -999.0   0 0.5  RS  
2291723566222716032 ZTF J193822.79+790458.1      235938821 294.59498  79.08282  560 12.77 1.17  1.12    603.09  323  2.48    2.46    0.04  8 0.22 RS  
2077455825451206784 ZTF J193834.79+413455.0      378159642 294.64497  41.58196 1781 14.32 1.5   1.03    405.71  392  9.44    9.25    0.04  1 0.37 RS  
2078274858532476672 ASAS J193836+4341.5          271159589 294.64954  43.69208  622 11.29 1.05  1.49   2918.23  357 11.5    11.24    0.18  2 0.42 cut 
2136576634390969728 ZTF J193854.28+523538.2       27312117 294.72619  52.59397 1306 14.91 1.5   1.7     958.59  332  3.91    3.91    0.32  3 0.4  cut 
6767054573547825536 V5655 Sgr                     96777961 294.77679 -25.73494  298 10.65 1.45  1.09    385.7   196 12.76 -999.0  -999.0   0 0.32 RS  
2239286551025249408 ZTF J193915.47+604751.1      229459522 294.81446  60.79755 1843 14.3  1.14  2.14   1338.91  294  3.34   26.75    0.02  9 0.15 cut 
2134833908464020608 ZTF J193940.00+491505.7       27390724 294.91667  49.2516  1234 14.35 1.28  1.01    351.28  350 22.85   23.31    0.04  2 0.24 RS  
2078114703489389184 ASAS J194031+4345.3          271431281 295.12933  43.75481 1092 12.09 1.37  1.07    585.46  336 65.9    45.15    0.06  2 0.46 RS  
2239078056133306624 ZTF J194152.00+602751.5      229476268 295.46669  60.46433 1720 14.6  1.37  0.96    315.82  343  3.49    7.0     0.22  9 0.16 RS  
2079971267535444352 ZTF J194234.61+452335.2      271772112 295.64422  45.39313 1501 14.29 1.24  1.01    449.5   442 16.07   16.01    0.06  2 0.48 RS  
2080444435493307520 V2510 Cyg                    272076451 295.91862  46.66758  335 11.04 1.32  0.98    810.04  329 25.08   29.34    0.06  2 0.34 RS  
2080421483187900288 ZALD J19435165+4619144       272075644 295.96521  46.32067 1045  9.91 1.39  1.38   1265.78  378 34.49   18.98    0.03  2 0.43 RS  
2135402665212926080 ZTF J194410.07+505925.1       27695720 296.04199  50.99032 1092 14.15 1.22  1.03    349.53  334 15.15   19.3     0.06  2 0.29 RS  
2135756845394133504 ZTF J194413.79+521427.0       27693645 296.05747  52.24085 1975 15.3  1.34  1.0     391.01  384 12.16   16.09    0.04  2 0.4  RS  
2138701887288185728 ZTF J194501.74+550200.1      467187322 296.25729  55.03337 1996 15.63 1.26  1.07    357.64  308  6.3    20.63    0.05  1 0.39 RS  
2235335627790153728 ZTF J194605.54+573412.7      266521130 296.52312  57.57022 1698 13.61 0.96  0.95    337.2   379 11.66   15.56    0.02  4 0.3  RS  
2240568237986459392 ZTF J194701.93+605558.5      229503759 296.75806  60.93294 1777 14.83 1.13  0.96    225.82  245 19.83   15.91    0.02  8 0.19 RS  
2235814636902977664 ZTF J194733.40+585632.9      421336619 296.88919  58.94248  975 13.87 1.28  1.06    366.73  334  1.09   12.19    0.16  5 0.25 RS  
2135308382090089600 ZTF J194748.74+502027.2       27992837 296.95312  50.34089 1553 13.86 1.14  1.12    441.13  354 10.87 -999.0  -999.0   0 0.39 RS  
2087268691848523392 ZTF J194807.00+501426.6       27992616 297.02918  50.24073 1526 14.62 1.41  1.02    358.82  349  9.33    9.27    0.1   2 0.46 RS  
6442006951757521664 V0451 Pav                    339544214 297.22254 -62.13131  346  9.09 1.36  1.04    910.17  465 42.43   64.72    0.13  2 0.18 RS  
2086715946736867840 ZTF J194855.43+481326.0       28087670 297.23098  48.22391 1382 14.07 1.4   1.07    408.92  371  6.23    6.21    0.09  2 0.32 RS  
4188767018364066304 ZTF J194912.26-124604.6       47944468 297.30109 -12.76795 1857 14.63 1.24  1.02    361.96  347 11.22 -999.0  -999.0   0 0.41 RS  
4195206205132841344 ZTF J195038.11-084807.1      237617134 297.65882  -8.80199 1941 15.16 1.39  0.98    374.88  390 19.63 -999.0  -999.0   0 0.41 RS  
4242353779136676352 ZTF J195101.44+042203.6      393518423 297.75603   4.36769 1538 14.08 1.23  1.0     329.97  337  4.88 -999.0  -999.0   0 0.48 RS  
4298446670502191872 ZTF J195105.50+081829.5      408850729 297.77294   8.30821 1872 15.68 1.63  0.94    358.83  397  5.35 -999.0  -999.0   0 0.48 SSG 
2088918749563701248 ZTF J195128.96+511401.1       28303864 297.87067  51.23365 1032 13.46 1.4   0.93    318.71  378  7.84    7.89    0.16  3 0.36 RS  
4197234529209774464 ZTF J195217.68-054206.1      439644236 298.07367  -5.7017  1985 15.15 1.3   0.99    340.51  343 10.43 -999.0  -999.0   0 0.42 RS  
2234088919044182912 ZTF J195256.62+552526.2      364969694 298.23592  55.42395 1363 13.68 1.24  0.93    272.17  323 21.09   17.73    0.06  2 0.5  RS  
2235502130786638336 ZTF J195311.67+575301.8      365048555 298.29864  57.88385 1421 14.5  1.46  1.0     284.72  293  3.63 -999.0  -999.0   0 0.35 SSG 
2087318891426170880 ZTF J195321.98+501924.9       28446121 298.34162  50.32361 1036 13.29 1.25  1.08    455.55  391  1.13 -999.0  -999.0   0 0.33 RS  
4298240305913375616 ZTF J195340.50+080445.0      321481831 298.41877   8.07919  999 13.47 1.32  0.95    320.49  363  6.08 -999.0  -999.0   0 0.4  RS  
2087290407202684800 ZTF J195350.83+500710.7      267986433 298.4618   50.11965 1331 14.4  1.37  1.05    425.62  392 15.46   16.01    0.06  2 0.4  RS  
4241068484399236864 ZTF J195355.78+022304.0      387669973 298.48244   2.38445 1650 15.62 1.57  1.01    382.78  369 11.35 -999.0  -999.0   0 0.46 SSG 
4298287000793236992 ZTF J195359.62+080458.4      321701083 298.49842   8.08291 1155 13.47 1.06  1.06    376.06  337  4.08 -999.0  -999.0   0 0.4  RS  
4248425488501454848 ZTF J195437.23+050005.1      136794715 298.65513   5.00142 1693 14.31 1.31  0.98    399.27  420  6.21 -999.0  -999.0   0 0.32 RS  
4242049656785584512 ZTF J195440.82+033252.6      136790762 298.67009   3.54797 1710 15.71 1.28  0.98    324.0   331  1.19 -999.0  -999.0   0 0.41 RS  
2089040589195727744 ZTF J195507.32+515101.9      416453262 298.7805   51.85054 1404 13.73 1.11  0.93    269.03  317 11.2    10.83    0.02  3 0.42 RS  
2235639608395954944 ZTF J195515.79+583558.4      267484315 298.81581  58.59956 1005 14.24 1.23  1.05    357.65  327  2.65   33.65    0.04  4 0.44 RS  
4298404304943247616 ZTF J195516.93+085800.7      375613192 298.82058   8.96688 1955 16.06 1.45  0.97    307.26  320  2.56 -999.0  -999.0   0 0.49 SSG 
4242104533592763904 ZTF J195538.58+040343.4      228961058 298.91076   4.06206  603 13.27 1.51  1.05    334.6   312  8.88 -999.0  -999.0   0 0.41 SSG 
2088834808722783104 ZTF J195602.42+504316.0      416534465 299.01009  50.72112 1594 15.11 1.24  1.1     435.59  352  2.13    9.74    0.1   2 0.36 RS  
4297100249787361536 ZTF J195624.03+064726.7      325807765 299.10016   6.79075 1828 16.13 1.54  0.97    395.6   406 12.11 -999.0  -999.0   0 0.43 SSG 
4297318193607880704 ZTF J195627.35+065852.8      325808327 299.11396   6.98136 1284 14.76 1.48  1.06    455.1   406  0.9  -999.0  -999.0   0 0.35 SSG 
2237260632132770688 ZTF J195630.02+594626.8      165305817 299.1251   59.77412  762 13.54 1.44  1.02    365.05  365  9.51   18.88    0.04  5 0.22 SSG 
4240344833946666368 ZTF J195701.77+012040.1      229006776 299.25741   1.34448 1026 13.87 1.19  1.28    590.64  362  1.52 -999.0  -999.0   0 0.43 RS  
4195794237695187968 ZTF J195717.74-072925.2       10633624 299.32393  -7.49035 1336 13.19 0.95  0.94    286.91  321  0.44 -999.0  -999.0   0 0.44 RS  
4297424914954922240 ZTF J195738.80+072003.1      402532435 299.41167   7.33422 1545 15.24 1.43  1.05    468.72  417  5.71 -999.0  -999.0   0 0.44 RS  
2237598354001639424 ZTF J195741.57+605154.6      256512636 299.42322  60.86519 1520 14.47 1.21  1.01    337.01  327  4.89   26.44    0.04  5 0.22 RS  
2233920934284340096 ZTF J195750.56+554008.2      405761205 299.46069  55.66897 1371 13.8  1.19  1.02    350.15  339 15.42   15.29    0.05  3 0.5  RS  
4241257531680588800 ZTF J195751.97+032123.6      183364128 299.46656   3.35656 1016 14.14 1.42  1.02    373.41  368  3.24 -999.0  -999.0   0 0.39 RS  
4240702656262866816 ZTF J195818.69+011523.3      398977299 299.57789   1.2565  1452 14.72 1.36  1.06    379.68  339 15.93 -999.0  -999.0   0 0.4  RS  
4297111588501186304 ZTF J195853.42+064636.2      402670216 299.72262   6.77674 1400 14.28 1.44  0.92    299.49  361  0.9  -999.0  -999.0   0 0.45 RS  
4248080413646517248 ZTF J195905.83+041518.5      183418418 299.77433   4.25514 1827 14.99 1.24  0.96    435.77  460  2.9  -999.0  -999.0   0 0.3  RS  
4297064687457275008 ZTF J195908.40+064513.3      418551460 299.78501   6.75372 1156 14.38 1.34  0.99    385.89  399  1.06 -999.0  -999.0   0 0.44 RS  
4248086014283863424 ZTF J195956.64+042240.5      183448399 299.986     4.37792 1676 14.95 1.33  0.97    545.68  570  9.73 -999.0  -999.0   0 0.3  RS  
4192651352425481472 ZTF J200036.99-082521.4       70421367 300.15413  -8.42262 1168 14.69 1.58  1.06    373.93  341  2.04 -999.0  -999.0   0 0.46 SSG 
2236415004612368640 ZTF J200051.17+590314.2      233277945 300.21324  59.05397 1634 15.64 1.52  1.01    370.65  356  2.44    2.46    0.09  1 0.4  SSG 
4248931882323932288 ZTF J200149.79+060640.1      418688392 300.45748   6.11115 1748 14.77 1.41  1.03    433.83  411  7.84 -999.0  -999.0   0 0.37 RS  
6852177599838326272 ASAS J200155-2239.2           74613795 300.47762 -22.65367 1298 11.49 1.5   1.06    946.42  318 31.7  -999.0  -999.0   0 0.4  RS  
4304011436288009216 ZTF J200159.68+122153.5      388621467 300.49869  12.36488 1947 14.02 1.19  1.07    840.51  732 16.62 -999.0  -999.0   0 0.47 RS  
4247387377725462272 ZTF J200211.65+035513.4      256400570 300.54855   3.92041 1896 15.8  1.5   0.98    567.0   578  9.95 -999.0  -999.0   0 0.36 SSG 
4248227816924195456 ZTF J200214.62+045550.6      256306054 300.56092   4.93075 1949 15.68 1.52  1.06    572.3   495 19.15 -999.0  -999.0   0 0.35 SSG 
4247023714254891008 ZTF J200238.25+031800.7      345217687 300.65938   3.30021 1573 14.59 1.26  1.0     443.73  446  8.45 -999.0  -999.0   0 0.38 RS  
4237410890247380608 ZTF J200308.82+003923.8      345403300 300.78678   0.65663 1880 16.26 1.61  0.98    375.93  380  8.44 -999.0  -999.0   0 0.48 SSG 
4248610928007812992 ZTF J200338.92+050845.3      345470512 300.91218   5.14592 1690 15.82 1.43  1.03    550.66  505  6.06 -999.0  -999.0   0 0.3  SSG 
4191050532213210368 ZTF J200358.81-102359.7       70771450 300.99508 -10.39992 1500 13.91 1.37  1.06    333.25  302 10.2  -999.0  -999.0   0 0.34 RS  
4191532805501476608 ZTF J200437.28-093942.8       70816808 301.15537  -9.66191  726 12.85 1.38  4.81  12834.9   356  6.69 -999.0  -999.0   0 0.37 cut 
4250575824005878400 ZTF J200533.15+065008.5      367806392 301.38815   6.83572 1484 12.51 0.64  1.02    889.16  550  0.42 -999.0  -999.0   0 0.5  RS  
4248629207389293056 ZTF J200546.22+052006.1      345846574 301.44262   5.33505 1443 14.71 1.59  1.06    623.79  565  2.43 -999.0  -999.0   0 0.47 SSG 
4300645350159181440 ZTF J200600.84+110855.1      367894193 301.50351  11.14865 1747 14.31 1.15  1.05    881.43  795  3.52 -999.0  -999.0   0 0.39 RS  
6867572716834202624 V4091 Sgr                     74939585 301.51112 -18.70439  244  8.01 1.4   1.27    922.84  292 16.92 -999.0  -999.0   0 0.34 RS  
4248807396991281664 ZTF J200602.67+060105.3      345848505 301.51115   6.01816 1415 14.32 1.28  0.96    483.15  531  3.59 -999.0  -999.0   0 0.41 RS  
2088388132128704768 ZTF J200641.80+513716.0      294280851 301.6742   51.62112 1085 14.2  1.16  0.95    324.36  365  1.06   49.25    0.07  3 0.31 RS  
4247550105438667136 ZTF J200647.03+040909.2      345940608 301.69598   4.15257 1572 14.27 1.42  1.05    509.79  471  4.95 -999.0  -999.0   0 0.33 RS  
4248844711668217856 ZTF J200649.09+061828.4      368045587 301.70457   6.30789 1916 15.56 1.45  1.03    512.91  474 16.18 -999.0  -999.0   0 0.44 RS  
4250620526026098176 ZTF J200741.68+072009.2      366133840 301.92367   7.33589 1736 16.37 1.7   1.04    318.2   290 10.23 -999.0  -999.0   0 0.45 SSG 
4235788011083744512 ZTF J200743.44-013005.5      243748092 301.93101  -1.50153 1159 13.86 1.28  1.09    523.89  446  7.6  -999.0  -999.0   0 0.48 RS  
4299353870661436032 ZTF J200756.84+091411.1      366278270 301.98686   9.23643 1939 15.15 1.16  0.95    352.29  385  2.37 -999.0  -999.0   0 0.47 RS  
1802590356733174784 ZTF J200839.73+110904.1      366371368 302.16557  11.15115 1809 13.27 1.01  1.02    656.41  626  2.1  -999.0  -999.0   0 0.4  RS  
1802895161979304960 ZTF J200858.94+120310.1      366373719 302.24562  12.05281 1773 15.4  1.53  0.99    607.25  603  2.29 -999.0  -999.0   0 0.42 SSG 
4243623474538786176 ZTF J200910.42+015038.5      399099941 302.29342   1.84405 1907 15.23 1.36  1.03    370.99  341  1.08 -999.0  -999.0   0 0.31 RS  
6672578457112712576 V0382 Tel                    129137637 302.48012 -45.99631  568  9.02 1.29  1.45   1232.23  315 10.7    12.63    1.91  2 0.11 cut 
4236434352118338688 ZTF J201015.23+000327.1      399227894 302.56346   0.05755 1998 15.41 1.38  1.05    328.13  291 17.14 -999.0  -999.0   0 0.4  RS  
4243759092423980800 ZTF J201026.94+023058.1      399223870 302.61225   2.51615 1683 15.62 1.4   0.99    411.11  408  1.41 -999.0  -999.0   0 0.28 SSG 
6686619461117630336 ASAS J201036-4110.3          269770240 302.64992 -41.17219  346  8.53 1.3   1.17    643.15  245 22.81  243.54    0.84  1 0.17 RS  
4247494713241090048 ZTF J201043.74+040107.5      404370255 302.68226   4.01876 1115 13.25 1.35  1.08    383.53  332  1.32 -999.0  -999.0   0 0.34 RS  
1801792313144614656 ZTF J201054.48+103332.4      366767232 302.72702  10.55902 1554 15.56 1.63  0.96    440.71  476 10.08 -999.0  -999.0   0 0.43 SSG 
4247698951825175424 ZTF J201110.17+045807.8      405058369 302.79238   4.96884 1595 13.77 1.47  1.01    330.66  340  0.92 -999.0  -999.0   0 0.43 RS  
4250544174382874752 ZTF J201121.33+073412.0      366825495 302.83889   7.57    1793 14.66 1.5   1.03    268.68  256  3.69 -999.0  -999.0   0 0.47 RS  
6881347024849536896 ZTF J201126.08-103032.7      178808094 302.8587  -10.50909 1109 13.79 1.26  0.95    335.52  377  8.25 -999.0  -999.0   0 0.26 RS  
4244499682226042752 ZTF J201149.76+040607.9      387706978 302.95735   4.10222 1440 12.86 1.34  1.06    557.05  316 32.38 -999.0  -999.0   0 0.4  RS  
4224125113287218432 ZTF J201224.64-011953.3      243915245 303.10267  -1.33148 1571 15.24 1.5   1.04    304.12  280 18.78 -999.0  -999.0   0 0.48 SSG 
1802772703862073728 ZTF J201317.62+120857.2       87734239 303.32343  12.14924 1301 13.44 1.34  0.9     292.5   368 34.61 -999.0  -999.0   0 0.41 RS  
4242915011090470528 ZTF J201331.97+015656.7      404539132 303.38322   1.9491  1926 15.49 1.65  1.06    447.71  393  1.15 -999.0  -999.0   0 0.3  SSG 
1803478826544006272 ZTF J201335.35+132732.0       87738410 303.3973   13.45889  750 13.38 1.45  0.85    256.39  363  0.94 -999.0  -999.0   0 0.41 RS  
4244396564351158272 ZTF J201337.71+031930.0      404541562 303.40716   3.32502 1743 15.23 1.26  0.99    322.76  327  8.37 -999.0  -999.0   0 0.39 RS  
4249272696562025472 ZTF J201427.99+053919.1      346084349 303.61665   5.65532 1844 14.95 1.49  1.14    395.76  308 12.1  -999.0  -999.0   0 0.34 SSG 
4244203638718892160 ZTF J201434.31+031258.3      346088236 303.64298   3.21622 1758 14.75 1.19  0.97    312.78  332 13.95 -999.0  -999.0   0 0.42 RS  
4242946278452538240 ZTF J201457.08+021006.2      346167086 303.73784   2.1684  1280 15.43 1.49  1.0     329.75  325  5.35 -999.0  -999.0   0 0.47 SSG 
4244149208597261440 ZTF J201617.94+031317.7      399292449 304.07478   3.22159 1047 13.79 1.49  1.04    311.67  302 12.06 -999.0  -999.0   0 0.32 SSG 
1803602074925206912 ZTF J201718.30+135523.0       88540573 304.32627  13.92306 1845 14.39 1.43  1.77   1070.66  348  0.94 -999.0  -999.0   0 0.46 cut 
4242642022967976448 ZTF J201723.32+011933.7      399467541 304.34719   1.32604 1512 14.98 1.42  1.16    441.31  328  5.08 -999.0  -999.0   0 0.41 RS  
1808345333731587328 ZTF J201841.75+151753.1       50977512 304.67399  15.29811 1782 14.98 1.52  0.95    308.99  343  4.4  -999.0  -999.0   0 0.49 RS  
6876368298759473024 CU Cap                       114610581 304.76237 -14.03458  208 10.16 1.46  1.15    959.84  390 11.78 -999.0  -999.0   0 0.19 SSG 
1803306894712523392 ZTF J201931.25+130200.8       51136336 304.88021  13.03357 1395 14.94 1.19  0.95    281.95  307  0.52 -999.0  -999.0   0 0.4  RS  
4224001624385658112 ZTF J202003.69-011207.0      212428852 305.01538  -1.20196 1666 15.65 1.48  1.0     254.6   253 15.55 -999.0  -999.0   0 0.26 SSG 
1805268217298908800 ZTF J202036.30+145452.4       51389697 305.15127  14.91456  837 13.95 1.57  0.99    312.26  335 10.54 -999.0  -999.0   0 0.48 SSG 
4222827964443047808 ZTF J202045.03-022508.6      212441429 305.18766  -2.41907 1683 14.43 1.16  1.09    307.52  261  4.55 -999.0  -999.0   0 0.26 RS  
4219278225512496128 ZTF J202050.04-040214.1      212439556 305.20854  -4.03726 1865 15.43 1.45  1.01    254.7   248  5.63 -999.0  -999.0   0 0.24 SSG 
4249951919867281792 ZTF J202145.35+071943.1      462469813 305.43899   7.32865 1511 14.48 1.34  1.03    416.1   396 21.55 -999.0  -999.0   0 0.39 RS  
4230496989325576448 ZTF J202211.34+004831.6      419054277 305.54728   0.80878 1791 15.47 1.4   1.1     375.5   309  6.57 -999.0  -999.0   0 0.33 RS  
1802225421945888128 ZTF J202305.51+120026.7      456393603 305.77296  12.00743 1928 15.63 1.59  1.12    400.89  324  7.83 -999.0  -999.0   0 0.42 SSG 
4229161701173443072 V1894 Aql                    212537985 305.89654  -1.75119  551 10.67 1.27  0.9     603.22  427 26.08 -999.0  -999.0   0 0.26 RS  
1805475475240025984 ZTF J202409.08+150824.3      456439437 306.03784  15.1401  1104 14.17 1.39  1.01    291.67  293  7.29 -999.0  -999.0   0 0.34 RS  
4217963759361511936 ZTF J202411.89-055218.5      212564826 306.04956  -5.87183 1655 14.95 1.47  1.0     241.99  247 10.66 -999.0  -999.0   0 0.19 SSG 
4219415247850578816 ZTF J202442.08-035529.3      212567171 306.17536  -3.92481  860 13.91 1.4   1.14    337.88  270  8.87 -999.0  -999.0   0 0.18 SSG 
1805466060671531520 ZTF J202503.63+150818.2      305309857 306.26514  15.13839 1607 15.43 1.39  1.1     464.2   381 15.11 -999.0  -999.0   0 0.31 SSG 
4230888724703142016 ZTF J202522.60+010246.0      404678614 306.3442    1.04613 1848 15.39 1.21  1.05    401.35  354  2.57 -999.0  -999.0   0 0.37 RS  
1753716308958973568 ZTF J202554.89+103231.2      461428799 306.47875  10.54202 1949 15.27 1.37  1.07    421.0   369 12.24 -999.0  -999.0   0 0.35 RS  
4246336931792668928 ZTF J202601.69+045715.1      387885125 306.50708   4.95421 1754 15.07 1.49  1.0     381.54  379  4.87 -999.0  -999.0   0 0.2  SSG 
1755652961252495232 ZTF J202622.44+120044.1      305411054 306.59351  12.01227 1580 13.31 1.18  1.07    384.15  338  8.6  -999.0  -999.0   0 0.29 RS  
1803806691465546496 ZTF J202714.81+125116.7      305609320 306.81171  12.85465  724 12.93 1.45  1.06    681.22  345  1.11 -999.0  -999.0   0 0.3  SSG 
1752439157482745216 ZTF J202723.02+091419.8      461484130 306.84592   9.23885 1417 14.85 1.34  0.95    350.47  389  7.35 -999.0  -999.0   0 0.34 RS  
4231059904920528640 ZTF J202747.43+015938.6      388003062 306.94765   1.99406 1745 15.16 1.54  1.08    579.87  493 12.7  -999.0  -999.0   0 0.31 SSG 
4246600299187710464 ZTF J202800.21+061550.2      461525729 307.0009    6.26395 1238 14.74 1.55  1.1     439.76  373  2.92 -999.0  -999.0   0 0.27 SSG 
1816802369152290304 ZTF J202806.98+202208.7      210124696 307.02912  20.3691  1392 14.49 1.34  1.03    487.23  465  0.9  -999.0  -999.0   0 0.49 RS  
6904895196660191488 CY Cap                            -999 307.17617  -9.72139  356  8.99 1.08  0.97    541.29  277  2.4  -999.0  -999.0   0 0.23 RS  
6859133316553762944 AT Cap                        72377588 307.40358 -21.12631  492  8.5  1.37  1.14    769.34  309 23.18 -999.0  -999.0   0 0.16 RS  
4245281331910650496 ZTF J203017.04+040226.2      375640653 307.57102   4.04062 1873 15.61 1.46  0.97    378.93  396 16.49 -999.0  -999.0   0 0.27 SSG 
1752568590616324736 ZTF J203024.28+091548.5      374467251 307.60119   9.26349 1595 15.1  1.19  0.93    333.43  380  0.9  -999.0  -999.0   0 0.29 RS  
4246515877310680576 ZTF J203030.71+055659.7      375704270 307.62798   5.94994 1181 13.95 1.31  0.93    328.76  387  6.55 -999.0  -999.0   0 0.32 RS  
1818453629461322496 ZTF J203108.35+214118.2      379432649 307.78482  21.6884  1624 15.55 1.51  1.05    429.7   385  2.87   24.38    0.09  1 0.5  SSG 
1811578108370598912 ZTF J203143.82+155201.9      456507186 307.93259  15.8672  1625 14.67 1.15  1.02    366.12  352  0.8  -999.0  -999.0   0 0.28 RS  
4225931301651412224 ZTF J203157.98-021240.9      212832596 307.99159  -2.21137 1829 15.49 1.47  1.05    691.86  615 11.09 -999.0  -999.0   0 0.4  SSG 
1755700308970373376 ZTF J203158.08+120314.3      456513949 307.99201  12.05399  940 13.14 1.46  1.63    794.26  299 15.06 -999.0  -999.0   0 0.23 cut 
4218298899951930368 ZTF J203244.86-051111.0      212864362 308.18693  -5.18639 1844 13.43 0.9   1.1     352.13  293 19.24 -999.0  -999.0   0 0.13 RS  
6862402989255571200 CSS_J203315.5-173955         429228353 308.31483 -17.66528 1661 14.92 1.48  1.05    320.78  290  1.26 -999.0  -999.0   0 0.18 SSG 
1817507980738653824 ZTF J203337.55+202833.1      417377477 308.40647  20.47588  959 12.82 1.35  0.99    578.17  406  3.87    3.83    0.3   1 0.29 RS  
4218670126861495040 ZTF J203340.92-040439.9      212894400 308.42051  -4.07777  931 13.05 1.21  1.04    922.12  714 20.17 -999.0  -999.0   0 0.21 RS  
6859785842344124800 CSS_J203348.9-191839           8643455 308.45413 -19.31092 1402 13.97 1.4   1.07    248.26  228  7.15 -999.0  -999.0   0 0.22 RS  
1804417264014946944 ZTF J203417.54+141339.3       75409308 308.57311  14.22759 1025 13.78 1.09  0.93    301.18  351 10.28 -999.0  -999.0   0 0.21 RS  
4231413496690010112 ZTF J203450.04+003806.9      376015529 308.70853   0.63525 1022 13.44 1.47  1.21    517.93  370 12.55 -999.0  -999.0   0 0.42 RS  
1812230909039273088 ZTF J203525.75+173759.3      456575659 308.85733  17.63316 1907 15.67 1.5   1.05    665.47  590 14.95 -999.0  -999.0   0 0.37 SSG 
1817524228596221056 ZTF J203603.23+203451.3      406545181 309.01348  20.58094 1107 13.57 1.02  2.92   3949.69  466  0.62 -999.0  -999.0   0 0.24 cut 
4224450190768814080 ZTF J203614.19-042056.6      313727448 309.05915  -4.34907 1962 15.78 1.25  0.93    491.82  551  1.38 -999.0  -999.0   0 0.15 RS  
1810793572463550464 ZTF J203624.90+155212.1      456623699 309.10378  15.87003 1455 14.49 1.13  0.97    345.03  373 18.48 -999.0  -999.0   0 0.26 RS  
1817529008898974336 ZTF J203637.12+203809.7      406606853 309.15468  20.63605 1531 15.65 1.71  0.98    419.51  432  2.01   14.11    0.03  1 0.24 SSG 
1754605985662616192 ZTF J203712.93+111615.4      375150404 309.30389  11.27097 1591 14.74 1.1   1.08    425.26  362  0.9  -999.0  -999.0   0 0.27 RS  
1810900598750401024 ZTF J203720.68+160853.6      456643048 309.33619  16.14824 1967 15.66 1.49  1.06    588.7   517  6.55 -999.0  -999.0   0 0.25 SSG 
4231689577188482176 NSVS 14291575                466726564 309.40196   2.23439 1081 10.5  1.17  0.89    594.54  379  0.51 -999.0  -999.0   0 0.24 RS  
1754179027256630016 ZTF J203741.52+095718.5      375218311 309.42303   9.95514  668 12.37 1.08  0.93    506.57  392  7.1  -999.0  -999.0   0 0.26 RS  
1748333374904975232 ZTF J203829.90+071407.9      282189829 309.62459   7.23554 1491 14.03 1.42  0.93    307.18  366 10.72 -999.0  -999.0   0 0.23 RS  
1843465629205529472 ZTF J203943.17+244050.2      290906416 309.9299   24.68062 1067 15.11 1.49  4.71   8979.37  400  1.57   20.63    0.05  2 0.47 cut 
1812297219037609856 ZTF J204012.05+175410.9      243572894 310.05021  17.90304 1819 15.29 1.41  1.35    889.19  478  4.76 -999.0  -999.0   0 0.3  RS  
1762315692476350464 ZTF J204027.21+135642.7      340810017 310.11338  13.9452  1254 15.03 1.56  1.03    420.26  397  8.52 -999.0  -999.0   0 0.3  SSG 
1748376324578202880 ZTF J204030.34+073626.4      282374338 310.12642   7.60736 1412 14.46 1.26  1.01    401.2   395  9.77 -999.0  -999.0   0 0.22 RS  
1843406766674524672 ZTF J204033.32+242231.5      291150545 310.13886  24.37544 1979 15.1  1.21  0.99    344.75  346  9.65   24.18    0.11  2 0.41 RS  
1747980156794126848 ASAS J204258+0616.5          282622621 310.74158   6.27619  968 10.75 1.35  2.22   3349.64  390 82.2  -999.0  -999.0   0 0.22 cut 
1735039420330650880 ZTF J204302.55+035722.5      466855397 310.76063   3.95626 1755 14.49 1.13  0.97    311.54  337  1.14 -999.0  -999.0   0 0.26 RS  
4227812944002874368 ZTF J204317.69-003429.7      248210287 310.82374  -0.57492 1229 14.56 1.35  0.99    391.54  401  9.48 -999.0  -999.0   0 0.16 SSG 
1748439512136644992 ZTF J204328.34+074650.4      282678833 310.86812   7.78068 1317 14.01 1.06  0.95    344.17  382  4.5  -999.0  -999.0   0 0.19 RS  
1842345364293374080 ZTF J204355.93+231933.0      331576060 310.98305  23.32586 1367 13.65 1.39  0.95    373.36  422  1.33    7.72    0.11  2 0.38 RS  
4225482735266771584 ZTF J204359.57-012712.6      248228163 310.99823  -1.4535  1312 14.69 1.36  1.02    462.02  445  7.32 -999.0  -999.0   0 0.26 RS  
4227817685646540544 PT Aqr                       248230090 311.12346  -0.47744  603 11.7  1.31  1.0     879.91  405  5.87 -999.0  -999.0   0 0.2  RS  
1842327737747408512 ZTF J204436.07+230928.6      331579483 311.15032  23.15797 1299 13.23 1.38  0.9     317.53  396  0.88    7.45    0.12  1 0.34 RS  
6914639412301202048 CSS_J204457.8-035836         248236471 311.24104  -3.97683 1311 14.52 1.33  0.95    381.64  427  2.89 -999.0  -999.0   0 0.13 SSG 
1817814538323691648 ZTF J204505.58+212315.3      331698158 311.27329  21.3876  1759 15.28 1.42  1.03    450.02  421 12.56   29.76    0.13  2 0.29 SSG 
6678187272084174592 DN Mic                         8194921 311.29804 -40.83267  213 10.52 1.34  0.9     465.07  331  3.59    3.58    0.19  1 0.12 SSG 
1813987000906753152 ZTF J204533.77+191043.4      210311029 311.39071  19.17874 1823 14.89 1.3   1.0     507.11  507  4.68 -999.0  -999.0   0 0.32 RS  
6678683014390392064 DO Mic                         8195342 311.40337 -39.83244  280  9.77 1.29  1.13    765.67  337 12.49   12.46    0.11  2 0.12 RS  
2297228099388647424 ZTF J204548.14+795629.4      406533255 311.4506   79.94151 1904 14.46 1.27  1.0     329.63  331 11.97   14.24    0.03  7 0.43 RS  
1748235204834653440 ZTF J204633.84+073802.4      383305241 311.64103   7.63401 1127 14.12 1.18  1.16    509.95  380  0.66 -999.0  -999.0   0 0.23 RS  
1843755831552367488 ZTF J204646.74+251857.1      282544993 311.69477  25.31588 1349 14.48 1.32  1.08    466.41  398  0.93   45.91    0.17  2 0.41 RS  
1842062682428603520 ZTF J204654.58+223729.2      210361948 311.72743  22.62479 1166 13.58 1.12 10.14  40771.7   401  2.38  131.18    0.06  2 0.33 cut 
6425072892142893440 V0452 Pav                    372129691 311.73183 -66.88339  617 10.39 1.38  1.27   1977.49  635 39.53   29.42    0.09  2 0.13 RS  
1761413852424176000 QS Del                        85214854 311.96542  13.84119 1004 11.43 1.37  1.68   6229.94  778 17.94 -999.0  -999.0   0 0.25 cut 
1842413735873845376 ZTF J204806.12+233448.5      210439309 312.02552  23.58015 1308 14.86 1.7   1.03    386.2   373  2.8  -999.0  -999.0   0 0.48 SSG 
1814415398124881024 ZTF J204838.65+195216.9      224616456 312.16108  19.87137 1169 13.58 1.14  0.94    414.9   471  3.4  -999.0  -999.0   0 0.3  RS  
1842401714264073344 ZTF J204856.45+233315.0      224630547 312.23522  23.55418 1906 15.43 1.31  0.94    365.29  402  8.62   14.44    0.05  1 0.46 RS  
1736112509320818560 QU Del                       399610022 312.34521   6.79425  268  9.89 0.95  0.84    835.95  580  9.05 -999.0  -999.0   0 0.24 RS  
1750079708606156160 ZTF J204931.84+083500.6      399611852 312.38267   8.58352  930 12.52 1.02  1.01    797.79  527 11.72 -999.0  -999.0   0 0.22 RS  
1813632167888131712 ZTF J204933.90+192413.9      224640019 312.39126  19.40388 1635 14.33 1.49  1.0     482.77  490  9.49 -999.0  -999.0   0 0.28 SSG 
1762754878651643520 ZTF J205056.40+151747.7      291273143 312.735    15.29659 1658 13.88 1.04  0.92    538.53  641  8.09 -999.0  -999.0   0 0.18 RS  
6913291926440962816 ZTF J205114.59-054224.6      248697504 312.81082  -5.70686 1787 15.63 1.31  1.0     466.34  457  5.1  -999.0  -999.0   0 0.17 SSG 
1838886541229830144 ZTF J205212.59+213826.1      286467003 313.05246  21.64059 1507 14.98 1.49  1.11    580.25  479  1.09 -999.0  -999.0   0 0.32 SSG 
1842154049269297792 ZTF J205222.40+231015.5      286555618 313.09336  23.17099 1616 14.5  1.18  1.21    631.06  431 14.06   23.64    0.02  1 0.3  RS  
1842125908644000256 ZTF J205233.92+230128.8      286555334 313.14137  23.02468 1878 15.28 1.27  1.01    475.28  461  4.43    7.13    1.52  2 0.3  RS  
1751515395914838144 ZTF J205259.86+103844.1      375811558 313.24943  10.64561 1495 15.1  1.36  0.95    289.77  317  6.32 -999.0  -999.0   0 0.26 RS  
1813612136160835200 ZTF J205315.52+194207.9      286717965 313.3147   19.70222 1754 14.71 1.27  0.99    659.08  668  1.85 -999.0  -999.0   0 0.37 RS  
1857940287472039424 ZTF J205322.50+284839.4      283065170 313.34379  28.81095 1627 14.8  1.38  0.97    414.86  436  1.08   13.68    0.07  1 0.48 RS  
1730638899918153856 ZTF J205354.71+021114.7      467048353 313.47799   2.18744  972 13.83 1.47  1.2     668.43  480 16.29 -999.0  -999.0   0 0.3  SSG 
6916516686669984000 V0365 Aqr                    248740524 313.53846  -2.75942  353 10.39 1.21  2.79   7665.43  479  1.58 -999.0  -999.0   0 0.25 cut 
6902758330168660992 ZTF J205426.56-092453.5       23976265 313.6107   -9.41487 1647 15.6  1.44  1.0     640.09  623  5.72 -999.0  -999.0   0 0.2  SSG 
1750331011436125184 ZTF J205449.25+091728.7      375942283 313.70523   9.29131 1542 14.22 1.04  0.93    235.16  275 17.2  -999.0  -999.0   0 0.24 RS  
1762009444127883008 ZTF J205520.79+152049.8      345263935 313.83665  15.34718 1627 15.19 1.53  1.02    412.08  401  3.09 -999.0  -999.0   0 0.24 SSG 
1737802763634455040 ZTF J205530.55+080351.1      375973895 313.87731   8.06421 1832 15.61 1.72  1.48    720.01  327  5.06 -999.0  -999.0   0 0.28 cut 
6883572264581205632 CSS_J205535.2-153510         206188888 313.89671 -15.58622 1442 12.82 1.32  0.99    710.82  478 10.65 -999.0  -999.0   0 0.18 RS  
1813725828237478016 ZTF J205550.47+195806.0      265799956 313.96032  19.96835 1669 15.16 1.35  0.96    328.01  351 14.03 -999.0  -999.0   0 0.34 RS  
1750702032187797504 QX Del                       376018171 313.962    10.39467  493 11.09 1.1   1.08   1103.17  320 10.15 -999.0  -999.0   0 0.39 RS  
1757579717938351488 ZTF J205554.68+112614.7      376019116 313.97784  11.43742 1773 14.97 1.15  1.0     503.76  497  6.85 -999.0  -999.0   0 0.3  RS  
1737427697024749440 ZTF J205555.50+065310.3      375976285 313.98126   6.88622  986 13.33 1.29  1.6     836.22  331  9.88 -999.0  -999.0   0 0.21 cut 
1845811643422764800 ZTF J205609.99+275048.9      247176724 314.04165  27.84693  820 13.0  1.25  1.13   1012.06  527  5.52    5.65    0.03  1 0.45 RS  
1846226434183529984 ZTF J205646.17+282729.7      247238782 314.19239  28.45826 1647 14.46 1.36  0.96    420.07  460  8.36  260.0     0.1   1 0.43 RS  
1764551991750618752 ZTF J205703.11+171622.0      258222273 314.26296  17.27278  930 13.59 1.29  0.91    236.92  289  0.92 -999.0  -999.0   0 0.26 RS  
1858546187104451456 ZTF J205715.70+300905.9      236440684 314.31544  30.15164 1736 15.61 1.53  1.04    984.46  892  4.8  -999.0  -999.0   0 0.48 SSG 
1839672142286382464 ZTF J205727.71+235438.3      247246470 314.36549  23.91064 1944 13.81 0.98  1.01    558.55  558  1.57   28.89    0.15  1 0.49 RS  
1761640557977526272 ZTF J205737.84+141845.3      258273275 314.40767  14.31261 1355 14.42 1.37  0.96    343.68  379  6.17 -999.0  -999.0   0 0.29 RS  
1765354016765575680 QY Del                       289219433 314.76042  18.78392  335 10.95 1.36  1.08    908.83  359  3.62 -999.0  -999.0   0 0.36 RS  
6883325733458260096 CSS_J205936.3-155455         442515130 314.90154 -15.91531  855 13.44 1.33  1.01    263.46  268 12.83 -999.0  -999.0   0 0.14 RS  
1839267899964458880 ZTF J205940.75+224822.7      289310028 314.9198   22.80631 1654 15.38 1.5   0.95    288.31  316 15.01 -999.0  -999.0   0 0.41 SSG 
1738388670187679616 ZTF J205946.24+093040.5      459687375 314.9427    9.51125 1968 15.58 1.35  1.03    539.71  502  6.31 -999.0  -999.0   0 0.16 SSG 
1837946871103732096 ZTF J210110.12+212428.4      258474787 315.29218  21.40789 1677 13.75 0.86  1.06    338.29  305  0.47 -999.0  -999.0   0 0.41 RS  
1839196599210263168 ZTF J210141.61+223137.7      258529214 315.42339  22.52715 1382 14.53 1.53  5.62   8613.34  279  5.54   37.14    0.31  1 0.47 cut 
1758579616388740352 ZTF J210150.14+140145.4      456726177 315.45893  14.0293  1890 14.65 1.19  0.97    349.76  372 11.7  -999.0  -999.0   0 0.27 RS  
1758255677070949632 ZTF J210152.32+125434.7      456727255 315.46804  12.90965 1856 14.98 1.24  0.97    376.04  395  4.15 -999.0  -999.0   0 0.32 RS  
1731292662660209024 ZTF J210206.65+033119.2      396728689 315.52774   3.52202 1737 14.51 1.38  1.03    495.95  468  8.08 -999.0  -999.0   0 0.3  RS  
1765115564476717824 ZTF J210212.10+183115.2      258535765 315.55044  18.5209  1900 12.94 0.7   1.06    706.86  329  1.94 -999.0  -999.0   0 0.23 RS  
1838449584139137536 ZTF J210235.21+222815.8      283686317 315.64674  22.47106 1656 14.88 1.31  1.0     262.55  262  2.14 -999.0  -999.0   0 0.41 RS  
1731344305346824576 CSS_J210247.4+035650         262406730 315.69775   3.94733  912 13.25 1.39  1.1     558.6   472  5.72 -999.0  -999.0   0 0.27 RS  
1758260246915972608 ZTF J210250.83+125915.8      456753381 315.71182  12.98773 1562 14.9  1.3   0.99    409.15  417  1.13 -999.0  -999.0   0 0.3  RS  
1757060817168801408 ZTF J210309.87+112500.8      283359377 315.79114  11.41689  936 13.05 1.43  1.46   1017.31  430 11.4  -999.0  -999.0   0 0.24 cut 
1789396148472412288 V0343 Del                    283757089 315.84692  19.5155   382 11.11 1.38  0.95    900.92  371 10.38 -999.0  -999.0   0 0.3  RS  
6885176795643046016 CSS_J210325.1-144013         442540236 315.85479 -14.6705  1905 15.53 1.43  0.97    514.48  540  3.6  -999.0  -999.0   0 0.13 SSG 
1744316240452006784 ZTF J210332.06+092005.0      283417716 315.88361   9.33475 1587 13.97 1.46  2.27   2526.06  506 10.82 -999.0  -999.0   0 0.22 cut 
6909188171089910912 CSS_J210416.7-073638              -999 316.06996  -7.61069 1265 14.55 1.56  1.25    930.5   467  4.04 -999.0  -999.0   0 0.22 SSG 
1744154676665795200 ZTF J210543.20+092742.6      283554545 316.43004   9.46186 1665 14.16 1.12  1.02    518.7   496  6.79 -999.0  -999.0   0 0.26 RS  
1838468761168427264 ZTF J210556.20+222237.6      269580352 316.48417  22.37712 1850 15.1  1.5   1.02    292.35  283 15.25   16.25    0.14  1 0.47 RS  
1730162845742489472 ZTF J210637.78+021757.3      408317648 316.65745   2.29926  909 13.94 1.29  0.96    223.04  249 10.37 -999.0  -999.0   0 0.24 RS  
1852175578061885568 ZTF J210701.58+293726.7      126882990 316.75659  29.6241  1331 15.21 1.48  0.97    515.37  540  6.58    6.5     0.06  1 0.41 SSG 
1736744247468720256 UV Equ                       283643334 316.77967   6.54225  259  9.72 0.97  0.92    814.35  483  7.23 -999.0  -999.0   0 0.19 RS  
1841333401277496064 ZTF J210733.84+252829.8      126933854 316.89104  25.47497 1692 14.26 1.39  1.04    386.28  361 15.15 -999.0  -999.0   0 0.43 RS  
1743260430115051520 CSS_J210749.6+082430         283711553 316.95673   8.40846 1084 13.09 1.38  1.01    596.82  543 16.23 -999.0  -999.0   0 0.34 RS  
1757014255428422784 ZTF J210803.35+112503.9      283648269 317.01397  11.41776 1639 15.19 1.46  0.91    368.35  434  7.56 -999.0  -999.0   0 0.38 SSG 
1733034117279395456 ZTF J210810.54+050938.2      387347993 317.04392   5.16063 1022 13.47 1.2   1.03    288.38  275  7.49 -999.0  -999.0   0 0.31 RS  
1788242348457001728 ZTF J210812.03+180441.4      279527167 317.05015  18.07817 1888 15.16 1.16  1.72   1077.1   358  7.54 -999.0  -999.0   0 0.26 cut 
6777665930205059712 ASAS J210831-3425.4           92752432 317.12742 -34.42367  618 11.99 1.3   1.29   1284.83  453  5.09    5.1     0.08  2 0.18 RS  
1743409035985787648 ZTF J210832.55+085926.6      283717588 317.13566   8.99074  984 12.9  1.23  1.13   1237.07  529  5.26 -999.0  -999.0   0 0.43 RS  
1760030357557579264 CSS_J210842.8+143543         125931547 317.17842  14.59542 1648 14.96 1.38  1.03    363.11  339  2.02 -999.0  -999.0   0 0.28 RS  
1743235141347608832 ZTF J210903.56+082641.3      283744252 317.26484   8.44481 1079 14.34 1.55  2.47   2682.09  451  2.34 -999.0  -999.0   0 0.33 cut 
1868517967291016704 ZTF J211025.95+363103.0      166351168 317.60815  36.51751 1425 14.67 1.46  0.97    462.17  489  6.89    6.84    0.1   1 0.44 RS  
1731665324087808640 CSS_J211049.6+024900         376266867 317.70696   2.81678 1407 14.67 1.27  1.01    268.35  264 12.55 -999.0  -999.0   0 0.25 RS  
1743397083091392896 UY Equ                            -999 317.72571   8.97114  371 10.95 1.25  0.98    355.57  194 14.01 -999.0  -999.0   0 0.3  RS  
1733379363930654336 CSS_J211202.8+052303         292875123 318.01162   5.38442 1206 14.44 1.61  1.11    527.26  446  6.81 -999.0  -999.0   0 0.3  SSG 
1841899477968693888 ZTF J211211.58+264903.3      452653811 318.04827  26.8176   851 13.26 1.35  1.03    547.28  522 12.86   14.44    0.01  1 0.37 RS  
6777818453083495552 DQ Mic                        92877491 318.07909 -33.60571  747 12.16 1.46  1.09    743.33  430  9.14    9.0     0.1   2 0.28 RS  
1745071776739179904 ZTF J211219.03+113507.4      321839752 318.07933  11.58539  875 13.9  1.45  1.0     434.34  452  5.41 -999.0  -999.0   0 0.28 SSG 
1852910124852815104 ASASSN-V J211256.97+313724.6  76959231 318.23737  31.62353  851 13.26 1.47  1.05    928.42  856  5.41    2.71    0.09  1 0.48 RS  
2690808938069333632 ZTF J211258.83+014646.3      376310841 318.24516   1.77955 1124 14.1  1.17  1.01    291.0   292  8.43 -999.0  -999.0   0 0.34 RS  
1847957890117055232 ZTF J211302.82+271054.2       25261934 318.26178  27.18173 1945 14.85 1.09  0.93    440.39  507  7.29   52.0     0.03  1 0.43 RS  
1840650295318532096 ZTF J211303.73+243929.9       25265545 318.26556  24.65833 1229 13.69 1.04  1.04    363.28  342  1.54 -999.0  -999.0   0 0.28 RS  
1867228583746337536 ZTF J211309.75+350557.1       77060090 318.29066  35.0992  1919 15.25 1.59  0.97    532.26  563  5.45   28.89    0.03  1 0.38 SSG 
6895169569632891008 CSS_J211323.5-111315         271714547 318.34792 -11.22103 1043 14.18 1.34  1.03    294.96  283  6.36 -999.0  -999.0   0 0.11 SSG 
1867672374127531648 ZTF J211325.52+354257.9       77058216 318.35635  35.71609 1536 13.71 1.15  1.01    560.53  554 16.87   17.33    0.03  1 0.46 RS  
1744862010536587264 ZTF J211409.95+112000.1      262142862 318.54146  11.33337 1107 14.63 1.5   0.89    266.02  344  4.37 -999.0  -999.0   0 0.26 SSG 
1788182077179460480 ZTF J211411.36+182351.2       85750472 318.54734  18.39756 1607 12.77 0.7   1.42   1303.2   419  0.8  -999.0  -999.0   0 0.42 cut 
1839981925390730112 ZTF J211415.27+234053.2       85757350 318.56363  23.68146 1784 15.61 1.38  0.99    361.41  362  6.64 -999.0  -999.0   0 0.43 RS  
1759500663535503872 ZTF J211416.14+135458.1      230186953 318.56729  13.91615 1444 14.74 1.47  1.01    527.44  521  4.23 -999.0  -999.0   0 0.21 SSG 
1743139934808935040 ZTF J211416.76+082619.8      262145161 318.56987   8.43884 1603 14.56 1.12  0.98    295.13  306  6.79 -999.0  -999.0   0 0.27 RS  
2298686425467456000 V0844 Cep                    264195084 318.595    82.30867  658 12.48 1.42  1.1     540.19  331  5.19    5.24    0.07  6 0.4  RS  
6787577134175422848 BM Mic                        89304071 318.62979 -30.75747  145  8.1  1.08  0.93    423.08  238 14.6    13.64    0.04  2 0.33 RS  
1851826831016346752 ZTF J211439.83+292907.6      297679317 318.66599  29.48546 1379 14.64 1.47  1.02    612.31  591  3.77   15.29    0.06  1 0.34 SSG 
6898478549876628096 CSS_J211448.8-074932          24845874 318.70371  -7.82567 1427 13.95 1.54  1.05    247.64  236 50.14 -999.0  -999.0   0 0.38 SSG 
6787179866880802816 BN Mic                        89332285 318.71958 -31.18369  170  7.6  1.34  1.52   1278.48  268 54.46   44.2     0.07  2 0.3  cut 
1743547578744848640 RV Equ                       262149425 318.72329   8.99367  298  9.06 1.28  1.08    696.19  324 84.0  -999.0  -999.0   0 0.31 RS  
6884609413283181824 CSS_J211505.3-144444         214650390 318.77212 -14.74564 1295 13.78 1.27  0.97    384.77  414 10.24 -999.0  -999.0   0 0.23 RS  
1784950131469150208 ZTF J211521.38+171607.1      372854821 318.83911  17.26864 1005 13.68 1.21  1.14    553.32  434 15.32 -999.0  -999.0   0 0.38 RS  
1759711705343356544 ZTF J211526.21+145111.0      372901787 318.85923  14.85307  922 12.65 1.07  1.0     768.64  530  0.61 -999.0  -999.0   0 0.27 RS  
1789800562592049920 ZTF J211533.17+203635.9       85803998 318.88822  20.60998 1134 13.4  1.02  1.05    396.82  361  5.2  -999.0  -999.0   0 0.27 RS  
1788621091557662080 ZTF J211542.31+191034.1       85802399 318.9263   19.17615 1857 15.25 1.27  1.03    399.84  367  2.54 -999.0  -999.0   0 0.31 RS  
1739841292550831488 ZTF J211607.55+070524.3      262232180 319.03148   7.09009 1535 14.83 1.39  1.01    321.4   317  5.55 -999.0  -999.0   0 0.2  SSG 
1759552516675965312 ZTF J211611.06+143528.4      408685212 319.04612  14.59123 1714 14.8  1.48  0.99    473.16  488  6.97 -999.0  -999.0   0 0.29 SSG 
6911474055762733056 CSS_J211623.4-045719         248566398 319.09754  -4.95544  718 13.83 1.48  7.22  12636.58  253 10.51 -999.0  -999.0   0 0.22 cut 
1788920777194624512 V0428 Peg                     85966618 319.13629  19.70361  891 10.15 1.04  3.24   7526.76  327 15.25 -999.0  -999.0   0 0.23 cut 
1854780806448258944 ZTF J211633.10+325324.5      116976679 319.13795  32.89014 1982 14.61 1.52  1.01    742.43  734  1.22    5.53    0.05  1 0.34 SSG 
6896135628037171456 ZTF J211654.90-082709.4      271788081 319.22875  -8.45262 1307 14.32 1.56  0.91    209.32  260  6.07 -999.0  -999.0   0 0.33 SSG 
1791835449377803520 ZTF J211657.52+224522.5       85972849 319.23968  22.75625 1840 15.0  1.57  1.01    347.63  340 10.08 -999.0  -999.0   0 0.48 SSG 
1785490305212428544 ZTF J211713.66+181708.4       85999629 319.30695  18.28569 1493 14.81 1.55  1.04    439.78  408  6.16 -999.0  -999.0   0 0.26 SSG 
6884548729690126464 CSS_J211726.2-142909         288141537 319.35942 -14.48594 1421 14.87 1.25  1.07    505.89  434  3.14 -999.0  -999.0   0 0.16 RS  
1846847623888762880 ZTF J211800.95+255334.2       25553690 319.50396  25.89284 1615 15.96 1.51  1.47    809.17  367  1.63   26.0     0.16  1 0.3  cut 
1848545098045114624 ZTF J211817.14+284720.2       25501099 319.57144  28.78895 1850 15.28 1.73  1.0     422.79  425  3.74   32.5     0.16  1 0.41 SSG 
1847873124642267136 ZTF J211900.85+274202.3       25561548 319.75355  27.70065 1589 14.67 1.21  1.01    406.67  397  4.12 -999.0  -999.0   0 0.36 RS  
1792278690003083776 ZTF J211920.93+234246.0      257622992 319.83723  23.71278 1946 14.75 1.11  4.3    6604.87  362  1.72    1.71    0.07  1 0.39 cut 
1867527685268509312 ZTF J211933.21+354002.3      117442660 319.8884   35.66731 1523 14.29 1.28  1.01    518.8   513 23.68   86.67    0.02  1 0.4  RS  
2684439772151746688 ZTF J212037.06-035114.3      151676195 320.15443  -3.85398 1370 11.76 1.34  0.96    400.33  223 15.5  -999.0  -999.0   0 0.15 RS  
6463546350186454144 CY Ind                            -999 320.18375 -54.63311  200 10.33 1.35  0.99    737.75  351  2.4     2.39    0.23  2 0.13 SSG 
6836407098399575424 AU Cap                       288328185 320.37367 -15.15606  285  7.6  1.42  1.04    599.72  267 17.22 -999.0  -999.0   0 0.19 RS  
1746457230109132544 CSS_J212147.7+115830         303099198 320.44908  11.97503 1083 14.03 1.35  1.0     333.05  344  1.07 -999.0  -999.0   0 0.19 RS  
1848291729334361728 ZTF J212210.70+281840.2       13650330 320.54459  28.31117 1715 15.56 1.47  1.21    588.53  396  3.06 -999.0  -999.0   0 0.35 SSG 
1854927934847216000 ZTF J212223.68+330305.9      163618122 320.59868  33.05164  933 13.65 1.5   1.04    794.05  767  3.81    3.82    0.14  1 0.36 SSG 
1848721432222417408 ZTF J212244.66+294724.3       13652705 320.6861   29.79009 1507 14.71 1.61  1.07    454.33  406 15.81  260.0     0.09  1 0.46 SSG 
1785539263543163776 ZTF J212303.06+182008.4      283039202 320.76277  18.33569 1578 14.63 1.27  1.01    481.31  466 12.81 -999.0  -999.0   0 0.2  RS  
1785168388823969536 ZTF J212306.36+173015.4      305983182 320.7765   17.50428 1116 13.51 1.27  0.98    298.13  316  8.74 -999.0  -999.0   0 0.19 RS  
1738618227598955136 ZTF J212308.74+055102.0      269920393 320.78644   5.85058 1640 14.65 1.23  1.0     322.23  322 12.29 -999.0  -999.0   0 0.23 RS  
6899495838650916736 CSS_J212324.6-045923         250230745 320.85271  -4.98975  992 13.81 1.34  0.94    244.17  283 11.13 -999.0  -999.0   0 0.2  RS  
1790721609738853632 ZTF J212324.76+214414.0      279536168 320.85319  21.73725 1275 14.05 1.34  1.0     374.2   379  4.48 -999.0  -999.0   0 0.39 RS  
1783543271981701888 ZTF J212330.64+152418.5      305985405 320.8777   15.40514  643 13.28 1.47  0.93    286.73  338  4.14 -999.0  -999.0   0 0.24 SSG 
2699168318816794880 ZTF J212341.68+050005.8      269985199 320.9237    5.00162 1235 14.03 1.43  1.17    452.76  342 28.15 -999.0  -999.0   0 0.23 SSG 
1746022716857827456 CSS_J212521.5+115542         418812326 321.33992  11.92856 1130 14.01 1.42  1.03    364.24  356  4.81 -999.0  -999.0   0 0.22 SSG 
1739236084414546816 CSS_J212540.2+063931         418791048 321.41758   6.65869 1844 15.22 1.2   0.87    271.14  350 14.0  -999.0  -999.0   0 0.18 RS  
2671862909613112704 CSS_J212617.1-051342         250263470 321.5715   -5.2285  1823 14.91 1.18  1.03    551.86  512  5.26 -999.0  -999.0   0 0.13 RS  
1784515446419862656 ZTF J212628.78+174943.6      426887134 321.61993  17.82878  605 12.57 1.22  0.97    557.89  412  9.54 -999.0  -999.0   0 0.2  RS  
1849929035288012160 ZTF J212638.95+290841.4       15045677 321.66232  29.14485 1717 15.97 1.33  2.88   3474.95  408  0.68   32.5     0.28  1 0.44 cut 
6342932295441231104 FL Oct                       318613756 321.74237 -85.70178  250 10.01 1.18  5.26  16911.96  314  9.12    9.09    0.07  2 0.41 cut 
1784012149267717248 CSS_J212702.8+160300         268215575 321.76171  16.05017 1181 14.31 1.52  1.06    405.66  374 10.71 -999.0  -999.0   0 0.27 SSG 
1784011251618166784 ZTF J212713.88+160121.2      268215549 321.80787  16.02256 1494 13.34 1.01  0.99    377.63  387  0.77 -999.0  -999.0   0 0.26 RS  
1739454681070270976 CSS_J212728.1+074200         304978085 321.86712   7.7     1723 15.6  1.5   1.05    370.59  329  3.75 -999.0  -999.0   0 0.16 SSG 
1786928913098116864 ZTF J212746.62+190706.0      257808672 321.94429  19.11836 1781 14.62 1.27  0.98    342.6   357  3.19 -999.0  -999.0   0 0.26 RS  
1854222598137451904 ZTF J212751.15+330058.5      160104728 321.96315  33.01626 1854 14.18 1.29  0.98    992.78 1034 12.0    14.44    0.01  1 0.49 RS  
6465245404888566784 BH Ind                        79514112 322.08283 -52.82072  293  8.47 1.29  1.18   1085.3   400 22.59   36.05    0.02  3 0.04 RS  
1951294356586328064 PMAK V6                      160166846 322.12346  35.19375  742 11.75 1.3   1.24   1898.43  614 44.69   52.0     0.18  1 0.5  RS  
1742309769170154880 ZTF J212829.74+103103.2      305042347 322.12393  10.51756 1608 14.63 1.32  1.02    393.62  376  8.07 -999.0  -999.0   0 0.13 RS  
1786047207851688320 ZTF J212849.97+180650.5      283372090 322.20821  18.11405  789 13.74 1.33  1.03    417.23  405  4.18 -999.0  -999.0   0 0.24 RS  
1854272900795342848 ZTF J212901.20+333057.2      160255383 322.255    33.5159  1901 15.77 1.43  1.01    887.06  840  3.93   14.44    0.22  1 0.47 RS  
1787270758135325440 ZTF J213001.13+200104.1      418611052 322.50473  20.01781 1563 14.09 1.11  0.98    362.28  380  5.25 -999.0  -999.0   0 0.26 RS  
1951359433928345984 ZTF J213043.27+353348.7      160389199 322.68031  35.56354  913 13.04 1.36  1.18   1064.98  663 12.64   13.0     0.1   1 0.47 RS  
1771900169694323328 ZTF J213108.88+152607.5       96824285 322.78703  15.43542 1138 13.31 1.21  0.95    515.96  566  1.05 -999.0  -999.0   0 0.27 RS  
6841465745240183552 CSS_J213205.4-151437         242028439 323.02271 -15.24369  897 14.1  1.57  2.02   1817.89  463  4.39 -999.0  -999.0   0 0.2  cut 
1848800631417750144 ZTF J213241.43+274447.1       15461956 323.17265  27.74642 1268 14.88 1.41  1.01    527.79  519  5.28    5.65    0.03  1 0.4  RS  
1850441824321539456 Gaia DR2 1850441824321539456 160722742 323.22821  30.40409 1565 14.9  1.68  1.03    543.56  525 15.43   15.29    0.02  1 0.45 SSG 
1769993891409336704 CSS_J213302.7+123006          96941821 323.26138  12.50169 1971 15.23 1.43  0.96    447.09  476  4.72 -999.0  -999.0   0 0.24 SSG 
2688418973452883840 ZTF J213303.01+011608.2      352896015 323.26258   1.26895  939 13.68 1.31  1.1     407.22  347 12.28 -999.0  -999.0   0 0.14 RS  
1785786344422472576 ASAS J213401+1745.0           96966791 323.50279  17.74997 1402 10.34 1.48  0.87    300.07  213 40.85 -999.0  -999.0   0 0.34 RS  
1771719300031694080 ZTF J213410.15+151929.7       96964990 323.54231  15.32494 1498 15.13 1.59  1.08    302.2   258 15.53 -999.0  -999.0   0 0.28 SSG 
6842778837001852288 AS Cap                       242038408 323.56904 -13.48375  186  7.44 1.22  1.89   3294.41  416 60.64 -999.0  -999.0   0 0.19 cut 
1799062809889306496 ZTF J213427.32+261833.4      239537701 323.61384  26.30929  777 14.56 1.43  3.32   7570.2   691  0.47 -999.0  -999.0   0 0.34 cut 
1772140894021293952 ZTF J213431.92+163347.3       96968036 323.63301  16.56316 1781 14.63 1.22  0.97    181.36  198  7.69 -999.0  -999.0   0 0.33 RS  
1849205148617709312 ZTF J213445.30+291621.7      371616631 323.68877  29.2727  1771 14.92 1.5   1.01    469.87  460  7.13 -999.0  -999.0   0 0.45 RS  
1786547279483890432 ZTF J213538.49+191403.2      330043954 323.91041  19.23425 1639 14.92 1.39  1.06    225.59  201  3.25 -999.0  -999.0   0 0.27 RS  
1798896203814775808 ZTF J213600.60+262006.6      371699563 324.00254  26.33519 1008 13.54 1.31  1.05    965.97  888  7.61    7.65    0.15  1 0.33 RS  
1798798141121271936 ZTF J213601.28+254722.8      371699034 324.00534  25.78969 1549 14.45 1.09  1.46   1273.57  660  1.22    5.53    0.04  1 0.26 cut 
1793898476788563840 ZTF J213650.45+220139.1      330104465 324.21024  22.02755 1555 14.07 1.34  1.05    223.75  210  0.77 -999.0  -999.0   0 0.33 RS  
6893394579908556928 CSS_J213752.2-102233         333076587 324.46771 -10.37603 1632 15.08 1.39  0.99    344.23  353 11.41 -999.0  -999.0   0 0.11 SSG 
1771779631436055552 ZTF J213801.86+152631.2      387403414 324.50777  15.44202 1155 14.71 1.53  1.33    407.93  237  4.84 -999.0  -999.0   0 0.32 SSG 
1766857740649574016 CSS_J213812.6+115420         305357499 324.55287  11.90575 1186 14.37 1.42  0.96    204.41  229  6.73 -999.0  -999.0   0 0.34 RS  
1785883002662076928 ZTF J213814.43+182151.0      379844463 324.56013  18.36418 1091 13.74 1.24  0.92    162.82  199 12.77 -999.0  -999.0   0 0.34 RS  
1947121950474670336 ZTF J213830.39+330319.9      266651566 324.62664  33.05554 1770 14.43 1.25  0.99    736.52  752  5.09    5.1     0.07  1 0.42 RS  
1797506279381359360 ZTF J213919.10+233205.8      367513053 324.82961  23.53496 1782 14.43 1.0   1.03    220.56  213 13.87 -999.0  -999.0   0 0.22 RS  
1786672658169096832 ZTF J213946.31+194226.7      367546169 324.943    19.70743 1698 15.54 1.6   0.97    274.51  287  4.11 -999.0  -999.0   0 0.36 SSG 
1849725045820430848 ZTF J214021.88+302017.7           -999 325.09118  30.33827 1436 14.37 1.3   1.0     654.4   592 12.78   13.0     0.1   1 0.36 RS  
1766604268859576320 CSS_J214022.0+113434         305445989 325.09171  11.57617 1390 15.45 1.6   0.99    255.04  258 10.29 -999.0  -999.0   0 0.26 SSG 
2695195435412577792 CSS_J214047.8+032531         353197019 325.19933   3.4255  1817 15.41 1.25  0.97    500.85  517  1.31 -999.0  -999.0   0 0.27 RS  
1772532972995454976 ZTF J214050.18+154328.4      301761968 325.2091   15.72458 1687 15.02 1.35  1.01    261.74  256 13.27 -999.0  -999.0   0 0.31 RS  
1794043371804818048 ZTF J214055.61+224632.4      297798643 325.23171  22.77567 1330 13.5  1.02  0.99    234.75  244  0.92 -999.0  -999.0   0 0.3  RS  
2694503262778478208 V0337 Aqr                    353196542 325.27413   2.37092  561 11.11 1.39  1.18   2269.68  631 10.96 -999.0  -999.0   0 0.17 RS  
1800478504125784704 V0629 Peg                    248046870 325.31979  26.98281  618  9.14 1.28  1.34   1649.15  502 36.8    43.33    0.1   1 0.26 RS  
6841803123511245696 BY Cap                       155706950 325.38692 -14.04761   36  4.97 0.85  1.4   32281.75  292 12.1  -999.0  -999.0   0 0.16 cut 
1794526774667867392 ZTF J214139.23+233247.1      297876265 325.41346  23.54644 1270 13.54 1.13  1.06    197.69  182 17.56 -999.0  -999.0   0 0.24 RS  
1767491024987491840 CSS_J214236.8+132703         301825307 325.65342  13.45086 1955 15.14 1.4   1.03    277.03  258  3.93 -999.0  -999.0   0 0.32 RS  
2673177886865384064 CSS_J214245.7-035801         269354123 325.69058  -3.96694  972 14.6  1.43  0.98    420.32  437  4.12 -999.0  -999.0   0 0.09 SSG 
1801388796674448384 ZTF J214248.77+291449.8      298715751 325.70323  29.24717 1890 14.93 1.26  1.08    668.64  572 14.03   15.29    0.02  1 0.33 RS  
1799510246699710976 ZTF J214306.10+254526.9      298778372 325.77544  25.75749 1277 14.17 1.32  1.07    383.02  340  6.98 -999.0  -999.0   0 0.27 RS  
1780400940765306624 ZTF J214616.84+191440.4      330291650 326.5702   19.24458 1925 14.51 1.5   1.09    265.28  229  4.52 -999.0  -999.0   0 0.33 SSG 
1773139211924164992 ZTF J214700.95+171704.4      384957152 326.75399  17.28457 1684 15.08 1.27  1.07    349.71  300  0.72 -999.0  -999.0   0 0.31 RS  
1796218686841336448 ZTF J214715.86+245738.8       16603560 326.8161   24.96079 1920 14.73 1.2   0.96    225.15  245  7.92 -999.0  -999.0   0 0.22 RS  
1794399128240392832 ZTF J214736.73+234623.9       86004343 326.90307  23.77333  955 13.04 1.06  1.23    375.63  208  0.69 -999.0  -999.0   0 0.24 RS  
1767275658147177984 CSS_J214742.8+131257         384960915 326.92837  13.21592 1090 14.37 1.55  1.49    610.74  284  5.58 -999.0  -999.0   0 0.26 cut 
1794400850523073280 ZTF J214745.90+235000.7       86004385 326.94128  23.83354 1447 15.33 1.29  2.51   1283.37  205  2.82 -999.0  -999.0   0 0.22 cut 
1946632942676712448 ZTF J214805.25+332823.1      287648535 327.0219   33.47309 1844 15.39 1.49  1.06    877.94  771 22.72 -999.0  -999.0   0 0.4  SSG 
1801071621929789312 ZTF J214819.03+283152.9       16658353 327.0793   28.53138  875 12.67 1.29  1.01    448.18  317  1.04   26.0     0.04  1 0.23 RS  
1794272929216904064 ZTF J214837.71+225737.3       86045148 327.15715  22.96038 1373 14.05 1.07  1.04    262.68  247  3.62 -999.0  -999.0   0 0.26 RS  
1793074083585688832 ZTF J214904.14+211853.3       86047754 327.26727  21.31481 1426 13.96 1.1   1.08    263.32  229 10.31 -999.0  -999.0   0 0.29 RS  
2681268780616652544 ZTF J214907.46+003310.0      270061845 327.28112   0.55278  601 12.81 1.45  1.22    346.52  172  7.19 -999.0  -999.0   0 0.33 SSG 
1793496708367836416 ZTF J214909.03+223711.4       86046842 327.28766  22.61984 1832 15.88 1.52  0.96    191.75  208  0.43 -999.0  -999.0   0 0.22 SSG 
6844287951070576512 CSS_J215021.3-112311            854203 327.58896 -11.38642 1732 14.76 1.29  1.01    298.0   290  9.56 -999.0  -999.0   0 0.14 RS  
1799809034686307200 ZTF J215104.36+263631.7      452738339 327.76819  26.60883 1773 15.09 1.19  0.94    304.15  343  4.75   43.33    0.03  1 0.17 RS  
1772851625209251840 ZTF J215116.38+164327.8      385057167 327.81829  16.7244  1256 12.83 0.96  1.02    454.62  277  3.17 -999.0  -999.0   0 0.27 RS  
2725054224148577408 ZTF J215119.76+082607.0      466406806 327.83235   8.43529 1872 14.61 1.09  1.16    242.22  185 13.54 -999.0  -999.0   0 0.14 RS  
1897208761133923712 ZTF J215122.55+292852.7      452740993 327.84399  29.48132  900 13.33 1.4   1.01    348.39  349 15.81   18.57    0.03  1 0.28 RS  
2681689726067117440 ZTF J215212.53+010626.4      388931200 328.05221   1.10735 1703 15.32 1.55  1.03    233.04  221 14.09 -999.0  -999.0   0 0.18 SSG 
1896321042933377920 ZTF J215218.81+282112.4      326203292 328.07839  28.35345 1362 13.16 1.29  1.05    354.76  317  8.7     8.67    0.07  1 0.23 RS  
1946156407464551936 ZTF J215230.75+315541.9      329798097 328.12814  31.92832 1459 13.73 1.05  1.02    490.2   472  7.19   32.5     0.02  1 0.33 RS  
1780517866954567808 ZTF J215303.44+200745.1      258038552 328.26436  20.1292  1460 13.82 1.03  1.02    316.93  308 24.71 -999.0  -999.0   0 0.3  RS  
2725176373018200704 CSS_J215419.6+085146         466419357 328.58183   8.86286 1751 15.31 1.36  1.02    191.14  184 10.32 -999.0  -999.0   0 0.13 SSG 
6559052816392332288 Z Ind                        139993838 328.6015  -49.94481  196 10.37 1.48  1.0    1123.52  596  2.46    2.46    0.34  2 0.07 SSG 
2670585070943366784 ZTF J215440.51-025745.4      241102313 328.6688   -2.96262  901 14.0  1.41  1.02    198.05  198 11.8  -999.0  -999.0   0 0.19 SSG 
1779254218856707456 ZTF J215530.82+181518.3      279735164 328.87842  18.25511 1668 15.42 1.23  1.01    337.5   324  1.87 -999.0  -999.0   0 0.24 RS  
1779254321935922944 CSS_J215532.0+181552         279735506 328.88333  18.26464 1200 13.91 1.17  1.18    450.01  328  1.33 -999.0  -999.0   0 0.24 RS  
6572863438352844800 EI Gru                       197683519 329.07058 -40.14089  479 11.59 1.21  0.97   1339.81  559  2.74    2.75    0.17  2 0.05 RS  
1949728785163145472 ZTF J215636.69+370526.6      256781626 329.15291  37.09075 1505 14.61 1.18  1.02    729.27  691  3.65 -999.0  -999.0   0 0.47 RS  
1948778016843815552 ZTF J215830.18+360306.1      256967545 329.62576  36.05171 1501 13.08 1.33  1.14   1268.57  932 16.42   16.87    0.04  2 0.47 RS  
2721601341024864640 ZTF J215844.41+064848.3      262309362 329.68506   6.81343  882 12.87 1.34  1.08    475.99  247 17.23 -999.0  -999.0   0 0.15 RS  
1896891723827655040 ZTF J215852.58+295132.9       18032241 329.71911  29.85916 1874 15.81 1.5   0.94    289.63  323  4.08   28.89    0.08  1 0.27 SSG 
1775883528522777216 V0631 Peg                    423859115 329.93583  16.96061  976 11.07 1.46  1.1     387.79  142 44.22 -999.0  -999.0   0 0.21 RS  
2676368463450484096 FF Aqr                       241351537 330.15175  -2.74081  211  9.06 1.2   2.05   1348.74  176  9.19 -999.0  -999.0   0 0.38 cut 
1899916205440091520 ZTF J220053.29+334421.5      430672302 330.22205  33.73931 1472 14.96 1.47  1.01    592.88  577  0.93  131.25    0.05  2 0.43 SSG 
1948715967455727104 ZTF J220054.63+355232.6      430672658 330.22763  35.87573 1532 15.05 1.56  0.99    822.41  840 21.51   23.68    0.05  2 0.46 SSG 
1779607986722898304 CSS_J220112.2+190039         363098461 330.30121  19.01089 1424 15.21 1.47  1.04    212.06  195  2.15 -999.0  -999.0   0 0.21 SSG 
1954946040857509504 ZTF J220242.31+371932.1      372046286 330.6763   37.32559 1244 13.57 1.18  0.97    775.47  827  1.09  129.03    0.01  2 0.43 RS  
1954949098874327168 ZTF J220313.59+373032.1      257131926 330.80664  37.50893 1009 15.04 1.65  1.01    799.54  779  2.69    2.68    0.1   2 0.36 SSG 
1892878265868161920 ZTF J220343.65+272627.2      397612385 330.93189  27.4409  1110 12.8  1.37  1.07    480.62  293  5.69 -999.0  -999.0   0 0.2  RS  
1776016565134147584 ZTF J220346.30+173716.8      303058520 330.94295  17.62136 1584 15.78 1.38  1.0     164.01  164  4.78 -999.0  -999.0   0 0.15 SSG 
1892685091121936384 ZTF J220407.54+263509.9      397595274 331.03143  26.58609  885 12.91 1.35  1.17    775.32  343  3.45 -999.0  -999.0   0 0.19 RS  
1955955220732569728 ZTF J220432.21+390522.5      260977429 331.13423  39.0896  1603 14.81 1.48  1.01    648.89  639  6.2    27.21    0.05  2 0.47 RS  
1891612968503363072 ZTF J220626.66+253129.0       26687714 331.61111  25.52474 1542 14.5  1.36  1.27    650.1   408  4.8  -999.0  -999.0   0 0.22 RS  
1956386401089353984 ZTF J220738.26+400003.9      407780273 331.90942  40.00109 1281 14.45 1.19  1.09    679.68  574  2.45   13.68    0.03  1 0.49 RS  
2720388790153090560 CSS_J220908.3+054921         317913627 332.28458   5.82267 1489 14.02 1.23  0.99    163.86  171  0.22 -999.0  -999.0   0 0.28 RS  
1782911194530740224 ZTF J220914.23+223754.9      283674513 332.30933  22.63192  948 13.53 1.5   1.26    243.38  163 10.29 -999.0  -999.0   0 0.25 SSG 
1956409903149297408 ZTF J220934.28+394243.7      119400849 332.39286  39.71215 1522 14.81 1.22  0.98    642.64  657 13.71   35.18    0.2   1 0.42 RS  
1783123950030993280 ZTF J221036.57+234105.7      258781000 332.6524   23.68492 1573 14.33 1.61  1.02    228.75  227  0.89 -999.0  -999.0   0 0.21 SSG 
1906673219788651008 ZTF J221114.74+363602.0      119514549 332.81144  36.60057 1959 15.4  1.45  1.03    774.05  710 19.23   13.68    0.06  1 0.38 RS  
2676206152341575040 CSS_J221227.9-014654         248036557 333.11663  -1.78167 1308 14.89 1.49  1.0     172.72  179  2.43 -999.0  -999.0   0 0.27 SSG 
2619863362603366144 CSS_J221303.1-063633          38202854 333.26296  -6.60917 1600 13.88 1.29  1.01    184.83  185  8.68 -999.0  -999.0   0 0.16 RS  
1955666491552639232 ZTF J221318.62+394722.4      119706469 333.3276   39.78957 1708 15.64 1.3   1.03    709.46  649  5.07   15.39    0.01  1 0.5  RS  
2682932410428953856 CSS_J221351.5+025416         415702281 333.46463   2.90456  934 13.56 1.31  1.04    205.36  195  9.0  -999.0  -999.0   0 0.19 RS  
1781949431093803904 NSVS 11758912                258905583 333.61717  21.80753 1134 12.71 1.29  1.15    344.3   190 34.07 -999.0  -999.0   0 0.14 RS  
1775018178511512192 ZTF J221438.01+160733.8      404427216 333.65839  16.12607 1467 14.72 1.21  1.05    200.02  185  6.04 -999.0  -999.0   0 0.14 RS  
2614744242623104896 CSS_J221517.2-103827          38251384 333.82175 -10.64103  988 14.31 1.35  1.2     230.58  164  2.77 -999.0  -999.0   0 0.14 SSG 
1878398522363779328 ZTF J221638.93+233449.2      279804023 334.16223  23.58036 1893 14.98 1.37  1.04    385.89  354 12.71 -999.0  -999.0   0 0.21 RS  
1905359440832592128 V0636 Peg                    430991508 334.21171  34.18525  832 11.67 1.15  1.32   1830.64  437  7.09    7.04    0.11  1 0.28 RS  
1895462530511503360 ZTF J221920.80+301505.8      274959175 334.8367   30.25163 1833 14.68 1.28  0.99    590.11  598  4.48    9.46    4.97  2 0.21 RS  
1778898011448975104 CSS_J221939.0+213949         259014518 334.91279  21.66381  833 13.2  1.44  1.06    242.73  221  6.79 -999.0  -999.0   0 0.12 SSG 
1894302854980808064 ZTF J221949.73+293804.5       28194475 334.95721  29.63461 1092 13.42 1.31  1.03    335.56  324  9.32   10.26    0.05  1 0.18 RS  
2677454162463680896 V0378 Aqr                    439848079 335.12467  -1.66617  655 12.1  1.44  1.03    290.53  186  9.1  -999.0  -999.0   0 0.26 RS  
2724583663235859200 CSS_J222113.5+112336         415865149 335.30658  11.39342 1027 14.28 1.46  1.14    192.82  157 13.5  -999.0  -999.0   0 0.21 SSG 
2722677526685594752 CSS_J222120.0+083146         415848305 335.33338   8.52953 1362 14.22 1.23  1.05    193.46  178  6.54 -999.0  -999.0   0 0.2  RS  
1906856357193555840 ZTF J222150.99+363824.5      120239082 335.46248  36.64016 1475 14.19 1.12  0.99    522.64  533  0.41   49.25    0.0   1 0.3  RS  
1778609492725593344 CSS_J222156.2+205732         279488287 335.48433  20.95894 1075 14.24 1.31  1.09    230.75  198  0.16 -999.0  -999.0   0 0.12 RS  
1894662979398619136 ZTF J222214.42+295820.2      164091055 335.56009  29.9723  1955 15.38 1.39  0.93    303.05  342 15.25  246.25    0.08  1 0.21 SSG 
1986453405546924032 ZTF J222245.95+463543.9      199681254 335.69146  46.59555 1806 14.83 1.19  1.08    528.4   447  0.9    27.36    0.14  1 0.43 RS  
6405199872304652672 EX Tuc                       234286189 335.79721 -62.59792  234 11.39 1.44  1.33   2731.16  524  6.6     6.64    0.17  3 0.06 SSG 
1895631168108775936 ZTF J222330.99+311057.6      164152112 335.87914  31.18268 1169 13.97 1.34  1.04    649.82  609  8.6     8.49    0.06  1 0.25 RS  
1894652808916182400 ZTF J222351.69+295501.2      164179399 335.9654   29.91701 1355 13.54 1.04  1.12    430.81  349  7.78    7.94    0.02  1 0.2  RS  
1908904365101227776 ZTF J222403.59+392522.6      314933212 336.01496  39.42295 1724 14.95 1.65  1.05    981.11  891  5.22    5.24    0.02  1 0.33 SSG 
1777761494382697600 ZTF J222441.71+201051.7      314990111 336.17383  20.18105 1605 14.75 1.23  1.03    188.07  179  0.93 -999.0  -999.0   0 0.16 RS  
1908863309512002048 ZTF J222511.72+391334.5      120408938 336.29885  39.22627 1319 13.69 1.33  1.02    767.98  747 13.17   14.49    0.03  1 0.32 RS  
2737497152426372352 ZTF J222523.66+171634.3      404628505 336.3486   17.27622 1508 14.85 1.43  1.06    164.05  150  7.92 -999.0  -999.0   0 0.16 SSG 
2731236705016296320 ZTF J222550.53+131511.6       51638678 336.46055  13.25325 1402 14.73 1.45  0.97    150.91  164  3.16 -999.0  -999.0   0 0.24 SSG 
1894491421226256000 ZTF J222610.50+294345.1       20747490 336.54377  29.72922 1109 13.58 1.33  1.05    329.92  305 15.99 -999.0  -999.0   0 0.19 RS  
1908888426481177472 ZTF J222610.79+394341.5      315056622 336.54499  39.72821 1072 13.21 1.49  0.99    827.82  862  4.64    4.65    0.09  1 0.41 RS  
1882242827331274368 ZTF J222628.96+281509.0       20748413 336.6207   28.25251 1865 15.3  1.41  1.06    263.58  231  7.38 -999.0  -999.0   0 0.22 SSG 
1902118492870016640 ZTF J222640.34+333551.1      100498759 336.66812  33.59753 1963 14.71 1.17  1.03    589.18  545  7.84    7.7     0.12  1 0.24 RS  
1983128413664609792 ZTF J222750.34+453506.7           -999 336.95976  45.58522 1858 16.03 1.62  1.09    524.7   416 10.94   49.25    0.02  1 0.44 SSG 
1907571623867183616 ZTF J222751.54+365010.3      407906766 336.96477  36.8362  1119 13.05 1.12  1.05    897.23  683 12.66   12.96    0.08  1 0.29 RS  
2703947135653093632 V0641 Peg                    271995088 337.15083   3.09046  847 11.64 1.53  1.11    460.33  179 30.7  -999.0  -999.0   0 0.26 RS  
1986648431422944896 ZTF J222948.22+475956.4      467530461 337.45093  47.999   1013 12.63 1.26  0.96    511.79  391 15.07   14.49    0.03  1 0.46 RS  
1873975874279212416 ZTF J223057.88+212147.3      411369485 337.74119  21.36316 1044 13.93 1.29  1.03    178.15  174 13.01 -999.0  -999.0   0 0.11 RS  
1909176567246861440 Gaia DR2 1909176567246861440 120641805 337.85567  40.0257  1679 15.37 1.63  1.01    932.98  901  5.78   82.08    0.14  1 0.38 SSG 
1981903454629524352 ZTF J223139.38+431246.9      200222557 337.91409  43.21303  685 12.82 1.25  0.97    756.22  533  0.54   27.36    0.06  1 0.44 RS  
1874375512397004416 ZTF J223259.17+215554.7      411431029 338.24657  21.93188 1756 14.45 1.21  1.09    364.3   310  4.02 -999.0  -999.0   0 0.14 RS  
1982133699236414976 ZTF J223358.04+443201.1      200377309 338.49186  44.53364 1517 13.79 1.47  0.99    531.1   556  6.56    6.48    0.08  1 0.47 RS  
1881136306316846208 V0644 Peg                    150715746 338.64274  27.12946  542 12.05 1.29  0.98    346.96  220 13.48 -999.0  -999.0   0 0.12 RS  
1908365643061637376 ZTF J223534.89+393127.6      128495574 338.89538  39.52436  481 13.47 1.68  1.94   1564.59  444  0.61   22.39    0.07  1 0.49 cut 
1904349230163360256 ZTF J223558.85+361538.5      128498912 338.99522  36.2607   887 12.85 1.32  0.97    820.52  496  1.15    7.7     0.1   1 0.43 RS  
1888614462856075392 ZTF J223602.41+304152.3      431362114 339.01005  30.69787  724 13.1  1.22  0.99    441.93  424 24.9  -999.0  -999.0   0 0.2  RS  
1908276376461413504 ZTF J223605.20+390904.4      128502404 339.02169  39.15123  489 13.58 1.67  1.39    893.81  493  2.4     2.39    0.11  1 0.4  SSG 
2653803053170408832 ASAS J223634-0033.9               -999 339.14092  -0.56472  150  8.25 0.93  2.4    2888.72  178  5.8  -999.0  -999.0   0 0.14 cut 
1907848425919540864 ZTF J223642.72+372806.7      128558660 339.17803  37.46853 1639 14.2  1.21  1.07    721.91  636 29.37   30.78    0.02  1 0.47 RS  
6404861806838482944 EQ Tuc                       232062851 339.6487  -63.5726   362  8.73 1.17  1.01    909.85  459  1.11    9.94    0.03  3 0.07 RS  
1904549650517116160 ZTF J223900.74+362241.5      128683215 339.75309  36.3782  1544 14.94 1.5   1.08    583.72  502  7.9   246.25    0.02  1 0.37 SSG 
1901262660506215424 ZTF J223922.28+323452.5      115775909 339.84286  32.58126  961 13.64 1.28  1.73   1081.09  381 17.6    27.36    0.06  1 0.22 cut 
1903112417021167744 CSS_J223927.3+341933         115774550 339.86375  34.32597 1566 15.59 1.48  0.98    297.0   304 10.31   30.78    0.2   1 0.2  SSG 
1983778499915055744 ZTF J223945.29+471703.6      299128143 339.93871  47.28435  846 13.67 1.17  1.07    467.43  417  8.3    41.04    0.06  1 0.44 RS  
1982156788979688192 ZTF J223952.26+434130.2      299203136 339.96779  43.69175 1440 14.16 1.29  1.06    617.32  558  1.08   12.96    0.02  1 0.43 RS  
1988722660110220672 ZTF J224202.70+495403.1       65987953 340.51129  49.90088 1398 14.28 1.24  0.92    338.6   401 15.8    13.94    0.02  2 0.49 RS  
1877454248033704192 CSS_J224209.4+250147         118041276 340.53925  25.02989 1096 14.92 1.3   4.49   4413.8   218  5.85 -999.0  -999.0   0 0.19 cut 
1903725669631509248 ZTF J224346.16+355032.5       10678038 340.94234  35.84238 1580 14.01 1.3   0.97    298.3   325  8.33    8.21    0.04  1 0.31 RS  
2654476465386752768 ZTF J224402.48+005558.3      422035597 341.01034   0.93287 1168 13.96 1.4   1.0     194.17  202 11.17 -999.0  -999.0   0 0.16 SSG 
1888898239934753664 ZTF J224452.93+312945.9      100673266 341.22056  31.49609 1273 14.54 1.49  1.09    409.41  352  5.58 -999.0  -999.0   0 0.16 SSG 
1932683782250411776 ZTF J224516.13+405141.7      129042210 341.31722  40.8616  1315 14.54 1.24  1.01    738.26  715 17.17   20.52    0.03  1 0.43 RS  
2719152148809707008 CSS_J224526.3+113812         427679622 341.35958  11.63686 1210 13.73 1.51  0.96    162.34  185  4.82 -999.0  -999.0   0 0.17 SSG 
1988477262857477760 ZTF J224554.20+493158.6       66448461 341.47585  49.53297 1988 15.48 1.59  0.92    384.79  448  5.37   17.34    0.02  2 0.47 SSG 
1932608396985845888 ZTF J224642.14+401814.9           -999 341.6756   40.30415  790 14.56 1.86 19.38 472846.31  432  0.68   82.08    0.04  1 0.39 cut 
1883743690766163968 V0542 Peg                         -999 341.77304  26.88183  547 10.92 1.22  1.12    679.21  258  2.22 -999.0  -999.0   0 0.19 RS  
2829453643479831168 ZTF J224743.67+162900.1       60757920 341.93196  16.48337 1365 15.44 1.33  3.32   1848.49  166 15.07 -999.0  -999.0   0 0.2  cut 
1887732276572671232 CSS_J224929.9+293700          44152761 342.37492  29.61672 1254 14.52 1.56  1.03    426.24  407  6.3  -999.0  -999.0   0 0.2  SSG 
1882891745349705600 ZTF J224938.56+255731.6       44112604 342.4107   25.9588  1078 14.24 1.57  1.08    287.49  259  9.17 -999.0  -999.0   0 0.33 SSG 
2829667532851174656 CSS_J224947.0+173133          88696412 342.44583  17.52586 1337 14.34 1.42  1.01    173.52  178  1.17 -999.0  -999.0   0 0.2  SSG 
2732196647386784128 V0660 Peg                     88725141 342.60008  14.52856  276 10.36 1.34  1.04    457.36  216 18.14 -999.0  -999.0   0 0.13 RS  
1883003002184087552 ZTF J225028.89+262610.7       44156907 342.62039  26.43632 1844 15.51 1.42  1.05    354.73  315  4.47 -999.0  -999.0   0 0.27 SSG 
1928057587076190080 ZTF J225031.66+375821.9      129285657 342.63193  37.97277  655 13.19 1.48  0.97    383.28  414  4.85    4.83    0.21  1 0.42 SSG 
2829193299742131328 IM Peg                       456832150 343.25946  16.84119   98  5.71 1.4   1.8    2460.06  131 24.44 -999.0  -999.0   0 0.25 cut 
2830180042708758144 CSS_J225306.7+180944         435840901 343.27792  18.16228 1110 13.99 1.39  1.09    213.5   185  7.44 -999.0  -999.0   0 0.21 SSG 
1884411918958177280 ZTF J225413.83+283227.6           -999 343.55763  28.54102 1393 14.16 1.15  0.96    458.38  498  4.7  -999.0  -999.0   0 0.14 RS  
1882769596480687488 CSS_J225448.7+261327          44297027 343.703    26.22425  770 13.36 1.42  1.04    544.3   518 13.34 -999.0  -999.0   0 0.28 SSG 
2655341334361724288 CSS_J225509.6+014800         311519460 343.79033   1.80003  908 12.91 1.6   1.06    339.07  187 12.27 -999.0  -999.0   0 0.32 SSG 
1929429124753457280 ZTF J225536.00+401504.7      129536401 343.90002  40.25131 1906 13.88 1.05  0.92    319.92  385  0.43   30.78    0.12  1 0.35 RS  
1884393300277003136 ZTF J225546.27+284056.3       44345074 343.94283  28.68232  972 13.62 1.16  1.03    558.27  531  1.07 -999.0  -999.0   0 0.16 RS  
1984778333939609600 ZTF J225724.66+481444.5      252501483 344.35277  48.24571 1861 14.66 1.46  1.03    478.1   456 13.39   17.59    0.05  1 0.5  RS  
2651610730063183616 AZ Psc                       322212993 344.7205   -0.31594  153  7.15 1.25  1.04    461.68  186 91.7  -999.0  -999.0   0 0.14 RS  
2663701509678092928 CSS_J225934.1+061058         257443133 344.89238   6.18294  784 13.49 1.41  0.98    169.29  185  2.83 -999.0  -999.0   0 0.2  SSG 
2663025241307454848 DI Psc                       310779382 344.99746   5.15958  220  6.78 1.32  1.15    547.08  159 18.07 -999.0  -999.0   0 0.2  RS  
2634913924441250304 ZTF J230050.50-061505.7      188542320 345.21042  -6.25159  907 13.53 1.37  1.03    195.24  192  5.69 -999.0  -999.0   0 0.14 SSG 
1931167933673394944 ZTF J230128.68+415813.9      155005880 345.36951  41.97054 1710 15.22 1.3   1.0     716.89  708 12.32   12.96    0.09  1 0.34 RS  
2285838013621607296 ZTF J230141.40+800847.0      398308176 345.4225   80.14639 1832 15.29 1.35  1.04    416.5   377  2.01    2.01    0.07  4 0.42 RS  
1886064798469149056 ZTF J230159.47+295331.8       44163213 345.49781  29.89219 1879 15.09 1.15  1.03    366.7   342 11.82 -999.0  -999.0   0 0.14 RS  
1915797207792216192 ZTF J230214.81+362106.3      373877974 345.56175  36.35176 1742 13.66 1.0   1.01    485.01  480  1.18    6.66    0.04  1 0.23 RS  
1886468868992153088 ZTF J230227.97+302213.0       44226402 345.61655  30.3703  1567 14.48 1.31  1.03    327.84  313  5.4  -999.0  -999.0   0 0.14 RS  
1886553393948741248 ZTF J230359.97+304930.7      305927218 345.99991  30.82521 1742 14.88 1.09  1.05    391.11  351  0.53 -999.0  -999.0   0 0.16 RS  
2816870729332770176 ZTF J230416.57+155455.5      217710405 346.06907  15.91544  710 13.14 1.44  1.11    311.02  253  2.83 -999.0  -999.0   0 0.25 SSG 
1914273112876957696 ZTF J230432.35+342340.2      415776715 346.13481  34.3945  1055 13.89 1.29  0.99    337.73  349 10.05 -999.0  -999.0   0 0.23 RS  
2636781960336938112 ZTF J230525.42-024946.7      248055401 346.35592  -2.82964 1436 15.48 1.52  1.08    247.37  210  2.17 -999.0  -999.0   0 0.15 SSG 
2843686649704153216 KU Peg                       436782592 346.37196  26.00931  248  7.32 1.34  2.23   4165.55  375 23.9  -999.0  -999.0   0 0.29 cut 
1914933163451694976 ZTF J230651.57+354230.2      431473405 346.71488  35.70839 1058 13.9  1.18  1.01    547.18  548  1.1     9.85    0.04  1 0.24 RS  
1910970901501847552 ZTF J230801.16+323541.9      305981416 347.00485  32.59498 1137 14.22 1.19  1.03    360.75  343  6.35 -999.0  -999.0   0 0.2  RS  
1885838814470160000 ZTF J230802.15+304513.5      305980378 347.00899  30.75376 1116 13.87 1.4   1.03    362.78  351  1.19 -999.0  -999.0   0 0.19 SSG 
1911173486519053568 ZTF J230826.80+333806.3      305982047 347.11167  33.63509 1122 12.98 1.27  1.04    580.98  300 13.84 -999.0  -999.0   0 0.28 RS  
2811568987342605696 CSS_J231304.9+120115         423269599 348.27067  12.02097 1776 14.72 1.35  1.06    208.79  188  3.31 -999.0  -999.0   0 0.18 RS  
1916632699190697088 ZTF J231323.28+372706.1      374317771 348.34704  37.45171 1406 14.2  1.46  0.98    357.65  379 19.16   24.63    0.03  1 0.45 RS  
1916833256983409920 CSS_J231358.6+382054         351905078 348.49437  38.34847 1590 14.57 1.33  1.13    513.8   407  2.59   14.49    0.02  1 0.44 RS  
1916302742622691456 ZTF J231432.03+360329.1      374321146 348.63349  36.0581  1976 15.43 1.33  0.97    350.79  364  6.07   12.31    0.1   1 0.26 RS  
1918084260697846656 ZTF J231448.11+394628.9      374359457 348.70048  39.77471 1193 13.88 1.36  1.02    445.09  441 14.3    14.49    0.08  1 0.31 RS  
2845838355302731392 ZTF J231453.74+281853.7       90960329 348.72395  28.31494 1071 14.19 1.45  0.97    339.77  370 19.28 -999.0  -999.0   0 0.28 SSG 
2844938306252760960 CSS_J231615.5+265930          91030418 349.06479  26.99167 1079 13.89 1.37  1.01    542.7   546 10.09 -999.0  -999.0   0 0.29 RS  
2637103739286625920 CSS_J231623.1-031835         301130509 349.09633  -3.30978 1110 14.66 1.42  1.08    256.43  222  1.37 -999.0  -999.0   0 0.1  SSG 
1916345726655731968 CSS_J231641.8+363325         409439523 349.17454  36.55694 1348 14.65 1.55  1.03    350.26  338  5.91    5.86    0.22  1 0.36 SSG 
2664149423227808256 KZ Psc                       402376870 349.18751   6.31596  278 10.37 1.42  1.31    567.27  178  4.19 -999.0  -999.0   0 0.24 RS  
2844189676273462400 EZ Peg                        91039504 349.22229  25.7195   163  9.23 1.16  1.1     782.11  359 11.68 -999.0  -999.0   0 0.23 RS  
2664052288247453824 ASAS J231713+0551.1          262692438 349.30617   5.85222  428  9.81 1.35  1.43    800.43  224  4.44 -999.0  -999.0   0 0.25 cut 
2812083112107601920 ZTF J231801.80+125225.6      435187569 349.50753  12.87378 1952 14.35 1.27  1.66    599.2   221  5.27 -999.0  -999.0   0 0.16 cut 
2637053024312841984 CSS_J231824.3-033748         301135817 349.60154  -3.63003  820 14.25 1.39  5.18   5732.54  219  1.25 -999.0  -999.0   0 0.1  cut 
2817656364750603392 ZTF J231853.61+162123.7      435189676 349.72341  16.35661 1474 14.49 1.27  0.93    295.97  342  4.15 -999.0  -999.0   0 0.09 RS  
2824885894222185856 ZTF J232104.77+182144.4      243109524 350.26991  18.36236 1490 14.45 1.16  1.01    412.07  404  1.11 -999.0  -999.0   0 0.12 RS  
1941609480207288704 ZTF J232121.62+475813.9       24932999 350.34011  47.97055 1906 14.54 1.43  1.02    608.85  593 14.0   137.01    0.08  2 0.49 RS  
2633703396498597888 ZTF J232251.72-044652.6      301233851 350.71551  -4.78128  913 13.5  1.08  1.03    237.15  228  1.58 -999.0  -999.0   0 0.12 RS  
2660751378246429312 CSS_J232332.4+045538         422442414 350.88529   4.92742 1061 13.74 1.39  0.93    158.57  193  2.21 -999.0  -999.0   0 0.18 SSG 
1913563893518012800 ZTF J232456.77+362839.9      387363247 351.23655  36.47776  984 13.58 1.41  1.47    846.01  405  4.93 -999.0  -999.0   0 0.27 cut 
1938316305442191744 ZTF J232521.62+453953.0      174098570 351.34012  45.66475 1747 15.27 1.48  0.99    452.52  454  3.82   18.13    0.11  2 0.5  RS  
1941939505494714752 ZTF J232610.02+480540.5       25311921 351.54178  48.09459 1329 14.68 1.39  1.04    636.46  588 20.03  135.15    0.07  2 0.4  RS  
1941941326560874112 ZTF J232630.14+480338.4       25311864 351.6256   48.06068 1566 15.03 1.2   1.05    675.13  603  3.37   30.78    0.14  1 0.41 RS  
2870933097595863552 ZTF J232633.21+315322.8       21407743 351.63839  31.88967  710 12.79 1.37  1.07    549.63  337 11.78 -999.0  -999.0   0 0.4  RS  
1911895109743981312 ZTF J232716.26+335123.0      431920054 351.81776  33.85641 1846 14.92 1.34  1.05    507.61  453 16.47 -999.0  -999.0   0 0.35 RS  
2870652378533709568 ZTF J232918.04+311215.2      432144151 352.32518  31.20423  720 13.45 1.48  1.0     315.73  330  7.85 -999.0  -999.0   0 0.41 SSG 
2872252992585810688 CSS_J233142.5+320543         200635877 352.92729  32.09547 1054 14.21 1.44  0.99    596.99  624 11.67 -999.0  -999.0   0 0.27 SSG 
1937633440002419456 ZTF J233146.76+455919.3      176546010 352.94485  45.9887  1528 12.16 1.44  1.03    718.08  469 22.97   27.88    0.17  2 0.42 RS  
2872290960096779904 V0597 Peg                    200650541 353.01917  32.46561  576 11.94 1.52  1.38   2001.67  630  7.84 -999.0  -999.0   0 0.28 SSG 
1912572855584569472 ZTF J233307.08+354146.7      200659700 353.27954  35.69632 1743 13.78 1.26  1.57   1173.63  481 14.92 -999.0  -999.0   0 0.3  cut 
1937646737221464704 ZTF J233321.00+460628.2      176643069 353.33754  46.10785 1017 13.47 1.16  1.03    485.79  463  8.45    8.27    0.13  2 0.5  RS  
2827792212692106752 ZTF J233525.93+224102.5      434279605 353.85805  22.68405 1567 14.51 1.37  1.0     358.86  361 24.07 -999.0  -999.0   0 0.18 RS  
1924144493913335296 ZTF J233629.98+430718.6      176753523 354.12493  43.12185 1153 13.25 1.53  1.1     551.48  465  3.54  140.28    0.02  2 0.38 RS  
1925591691733725568 ZTF J233754.59+430232.7      176794827 354.47749  43.04242  952 13.92 1.55  1.03    483.88  481 11.2    11.27    0.16  2 0.35 SSG 
2873008769391312512 CSS_J234034.2+344236         352021914 355.14288  34.71019 1575 14.9  1.49  0.97    421.25  448  5.12 -999.0  -999.0   0 0.21 SSG 
2646075273133180416 NSV 14667                    419935866 355.37854   1.44033  727 11.6  1.29  0.87    409.16  220  7.47 -999.0  -999.0   0 0.1  RS  
2827093060735687040 ZTF J234212.68+224736.3      113528915 355.55286  22.79342  964 13.73 1.32  1.08    521.24  453 22.39 -999.0  -999.0   0 0.14 RS  
2819953966095915520 ZTF J234239.38+164826.6      434118022 355.66409  16.8074  1249 13.39 1.31  1.18    580.87  422 14.06 -999.0  -999.0   0 0.11 RS  
1919222014713417728 ZTF J234242.27+381452.5      352596216 355.67614  38.24793 1975 14.4  0.97  0.95    266.46  297  3.11 -999.0  -999.0   1 0.32 RS  
1939260407974681472 ZTF J234504.85+470757.5      177087194 356.27022  47.13265 1888 15.88 1.38  1.03    485.41  451  9.54 -999.0  -999.0   0 0.33 SSG 
1938978520681357696 ZTF J234555.00+462214.1      177089874 356.47917  46.37061 1575 14.21 1.37  0.94    431.1   494 22.62   17.84    0.05  1 0.29 RS  
1926664780723900544 ZTF J234600.55+451312.9      177091006 356.50231  45.22026 1423 14.06 1.19  1.08    606.59  520  3.19   14.69    0.69  1 0.35 RS  
2311719662641918208 DM Scl                       169287507 356.51304 -35.58906  272 10.45 1.18  1.26   1201.04  380 20.69   23.3     0.02  2 0.04 RS  
2758980720576072192 ZTF J234713.20+091116.3      408376593 356.80502   9.18787 1535 14.29 1.11  1.02    453.39  440  1.06 -999.0  -999.0   0 0.23 RS  
2758525694560727808 ZTF J234730.20+073155.2      408384774 356.87587   7.53201 1634 14.23 1.2   1.07    453.57  400  8.56 -999.0  -999.0   0 0.38 RS  
2852909314581099520 ZTF J234805.95+261503.9      129567028 357.0248   26.25111  576 12.61 1.26  1.07    584.34  362  0.92 -999.0  -999.0   0 0.16 RS  
1939740138643047936 ZTF J234809.04+481434.2      431516518 357.03768  48.24285 1881 13.88 1.15  0.99    643.85  665 14.01   13.88    0.04  1 0.33 RS  
2821643331352794880 ZTF J234831.91+180531.3      343943261 357.13298  18.09203 1755 14.59 1.38  1.04    523.6   484  4.73 -999.0  -999.0   0 0.3  RS  
2760254539157012480 ZTF J234835.71+102134.8      408410339 357.1488   10.35969 1462 14.35 1.15  1.04    513.99  477  8.49 -999.0  -999.0   0 0.15 RS  
1927280850833428352 ZTF J234909.47+461420.0      177261106 357.28949  46.2389  1804 13.92 0.95  0.99    564.43  574  2.09 -999.0  -999.0   1 0.3  RS  
2867000041423667840 ZTF J234953.59+290345.4      129632822 357.47332  29.06262  844 12.83 1.15  1.11   1008.84  519 11.64 -999.0  -999.0   0 0.15 RS  
2854458943077603840 ZTF J235059.77+265643.0      129642715 357.74908  26.94528 1637 13.44 1.29  1.01    283.51  281  1.58 -999.0  -999.0   0 0.12 RS  
2878050614319122048 CSS_J235152.6+342725          67877343 357.96921  34.45697 1156 14.27 1.28  0.93    319.32  370  7.24 -999.0  -999.0   0 0.17 RS  
1926270708882502656 ZTF J235229.51+453334.9      177396080 358.12298  45.55972 1840 15.38 1.52  1.0     421.7   422 13.4  -999.0  -999.0   0 0.38 SSG 
2868410543043370880 ZTF J235240.40+310945.8      125280992 358.16835  31.16275 1836 15.07 1.28  1.01    401.4   389  0.91 -999.0  -999.0   0 0.3  RS  
1939867681994193280 ZTF J235609.70+485623.0      431733760 359.04044  48.93974 1541 14.78 1.42  1.05    759.88  689  3.89 -999.0  -999.0   0 0.46 RS  
2878832435806029568 ZTF J235655.52+362529.6      291751465 359.23134  36.42491 1574 14.41 1.25  4.66   7051.1   325  2.41 -999.0  -999.0   0 0.35 cut 
